Price,Adj Close,Close,High,Low,Open,Volume,20_SMA,50_SMA,ATR,ADX,Regime
Ticker,^NSEI,^NSEI,^NSEI,^NSEI,^NSEI,^NSEI,,,,,
Date,,,,,,,,,,,
2020-05-18,8823.25,8823.25,9158.2998046875,8806.75,9158.2998046875,773000,9255.902490234375,9244.795,200.60714285714286,38.48171471552214,Trending
2020-05-19,8879.099609375,8879.099609375,9030.349609375,8855.2998046875,8961.7001953125,762200,9236.764990234375,9199.7219921875,202.79638671875,34.39959422758968,Trending
2020-05-20,9066.5498046875,9066.5498046875,9093.7998046875,8875.349609375,8889.150390625,622300,9241.019970703124,9154.9869921875,203.57854352678572,30.87251071896649,Trending
2020-05-21,9106.25,9106.25,9178.5498046875,9056.099609375,9079.4501953125,631500,9236.96748046875,9112.0919921875,201.07142857142858,27.46974105600115,Trending
2020-05-22,9039.25,9039.25,9149.599609375,8968.5498046875,9067.900390625,675800,9223.2349609375,9067.4969921875,194.96428571428572,24.981406148140277,Ranging
2020-05-26,9029.0498046875,9029.0498046875,9161.650390625,8996.650390625,9099.75,655000,9216.967431640625,9028.288984375,188.16782924107142,22.509653670311597,Ranging
2020-05-27,9314.9501953125,9314.9501953125,9334.0,9004.25,9082.2001953125,763500,9218.599951171875,9005.558984375,195.26422991071428,21.188400280488658,Ranging
2020-05-28,9490.099609375,9490.099609375,9511.25,9336.5,9364.9501953125,837900,9224.059912109375,8986.19296875,200.46428571428572,18.92998345531885,Ranging
2020-05-29,9580.2998046875,9580.2998046875,9598.849609375,9376.900390625,9422.2001953125,967000,9225.407421875,8985.99595703125,205.99993024553572,16.66817271929318,Ranging
2020-06-01,9826.150390625,9826.150390625,9931.599609375,9706.9501953125,9726.849609375,794200,9223.719921875,8983.4149609375,206.33558872767858,15.057752546947869,Ranging
2020-06-02,9979.099609375,9979.099609375,9995.599609375,9824.0498046875,9880.849609375,770200,9257.99990234375,8999.0489453125,204.52490234375,14.730104840042332,Ranging
2020-06-03,10061.5498046875,10061.5498046875,10176.2001953125,10035.5498046875,10108.2998046875,794700,9300.797412109376,9020.9389453125,197.89990234375,14.258884892481218,Ranging
2020-06-04,10029.099609375,10029.099609375,10123.849609375,9944.25,10054.25,775100,9338.707373046875,9052.14494140625,199.20347377232142,16.083900649426045,Ranging
2020-06-05,10142.150390625,10142.150390625,10177.7998046875,10040.75,10093.7998046875,987100,9385.86240234375,9089.7189453125,199.53557477678572,19.32883310472359,Ranging
2020-06-08,10167.4501953125,10167.4501953125,10328.5,10120.25,10326.75,936500,9431.659912109375,9118.1589453125,189.29987444196428,24.776939413576578,Ranging
2020-06-09,10046.650390625,10046.650390625,10291.150390625,10021.4501953125,10181.150390625,754200,9472.032421875,9166.886953125,196.06061662946428,29.25070611880174,Trending
2020-06-10,10116.150390625,10116.150390625,10148.75,10036.849609375,10072.599609375,632400,9518.012451171875,9213.18896484375,188.44991629464286,33.16863383741607,Trending
2020-06-11,9902.0,9902.0,10112.0498046875,9885.0498046875,10094.099609375,715500,9543.9349609375,9244.87197265625,195.91775948660714,35.53765201545359,Trending
2020-06-12,9972.900390625,9972.900390625,9996.0498046875,9544.349609375,9544.9501953125,796300,9585.44248046875,9271.5009765625,215.24993024553572,37.82943960992283,Trending
2020-06-15,9813.7001953125,9813.7001953125,9943.349609375,9726.349609375,9919.349609375,716100,9619.285009765625,9294.56998046875,218.96421595982142,40.380748991048584,Trending
2020-06-16,9914.0,9914.0,10046.150390625,9728.5,10014.7998046875,899900,9673.822509765625,9327.22798828125,218.09995814732142,42.295201082768656,Trending
2020-06-17,9881.150390625,9881.150390625,10003.599609375,9833.7998046875,9876.7001953125,685400,9723.925048828125,9352.89599609375,217.74637276785714,43.156330774904795,Trending
2020-06-18,10091.650390625,10091.650390625,10111.2001953125,9845.0498046875,9863.25,622900,9775.180078125,9389.6530078125,220.90359933035714,44.17734857678391,Trending
2020-06-19,10244.400390625,10244.400390625,10272.400390625,10072.650390625,10119.0,892100,9832.08759765625,9432.86501953125,219.12506975446428,44.51352288573004,Trending
2020-06-22,10311.2001953125,10311.2001953125,10393.650390625,10277.599609375,10318.75,685400,9895.685107421876,9463.24501953125,215.16085379464286,43.93795263797341,Trending
2020-06-23,10471.0,10471.0,10484.7001953125,10301.75,10347.9501953125,669200,9967.7826171875,9497.69001953125,218.18226841517858,42.96479826148799,Trending
2020-06-24,10305.2998046875,10305.2998046875,10553.150390625,10281.9501953125,10529.25,854800,10017.30009765625,9521.5580078125,224.72516741071428,42.576377317011406,Trending
2020-06-25,10288.900390625,10288.900390625,10361.7998046875,10194.5,10235.5498046875,994200,10057.24013671875,9547.4590234375,226.88588169642858,39.96913545680529,Trending
2020-06-26,10383.0,10383.0,10409.849609375,10311.25,10378.900390625,671900,10097.375146484375,9576.61302734375,219.0537109375,35.575496432100515,Trending
2020-06-29,10312.400390625,10312.400390625,10337.9501953125,10223.599609375,10311.9501953125,574500,10121.687646484375,9603.0050390625,207.95731026785714,31.909244012948623,Trending
2020-06-30,10302.099609375,10302.099609375,10401.0498046875,10267.349609375,10382.599609375,556200,10137.837646484375,9623.71203125,209.51443917410714,28.427775148026445,Trending
2020-07-01,10430.0498046875,10430.0498046875,10447.0498046875,10299.599609375,10323.7998046875,573600,10156.262646484374,9647.07603515625,203.83231026785714,27.582306765283892,Trending
2020-07-02,10551.7001953125,10551.7001953125,10598.2001953125,10485.5498046875,10493.0498046875,597400,10182.39267578125,9678.48103515625,179.61446707589286,29.10098271723673,Trending
2020-07-03,10607.349609375,10607.349609375,10631.2998046875,10562.650390625,10614.9501953125,525200,10205.65263671875,9706.88203125,169.01799665178572,31.048405403153158,Trending
2020-07-06,10763.650390625,10763.650390625,10811.400390625,10695.099609375,10723.849609375,571200,10235.462646484375,9735.87703125,154.63588169642858,33.31272685657479,Trending
2020-07-07,10799.650390625,10799.650390625,10813.7998046875,10689.7001953125,10802.849609375,636800,10273.112646484375,9768.78203125,151.37158203125,36.47933818945478,Trending
2020-07-08,10705.75,10705.75,10847.849609375,10676.5498046875,10818.650390625,767900,10302.592626953125,9797.25103515625,144.59654017857142,39.57314553383463,Trending
2020-07-09,10813.4501953125,10813.4501953125,10836.849609375,10733.0,10755.5498046875,618700,10348.16513671875,9825.90203125,137.74651227678572,42.475180718855874,Trending
2020-07-10,10768.0498046875,10768.0498046875,10819.400390625,10713.0,10764.099609375,590700,10387.922607421875,9850.19603515625,137.05719866071428,44.203005106151394,Trending
2020-07-13,10802.7001953125,10802.7001953125,10894.0498046875,10756.0498046875,10851.849609375,554100,10437.372607421876,9869.05203125,133.84647042410714,46.33596683725566,Trending
2020-07-14,10607.349609375,10607.349609375,10755.650390625,10562.900390625,10750.849609375,532400,10472.040087890626,9895.3290234375,128.24288504464286,45.80199076720644,Trending
2020-07-15,10618.2001953125,10618.2001953125,10827.4501953125,10577.75,10701.0,715900,10508.892578125,9923.58103515625,134.12862723214286,47.56290748026085,Trending
2020-07-16,10739.9501953125,10739.9501953125,10755.2998046875,10595.2001953125,10706.2001953125,694400,10541.307568359374,9952.96203125,138.521484375,49.60432434946968,Trending
2020-07-17,10901.7001953125,10901.7001953125,10933.4501953125,10749.650390625,10752.0,676900,10574.17255859375,9987.0150390625,143.48214285714286,53.54197708912985,Trending
2020-07-20,11022.2001953125,11022.2001953125,11037.900390625,10953.0,10999.4501953125,554300,10609.72255859375,10022.42904296875,139.99644252232142,57.28485647477252,Trending
2020-07-21,11162.25,11162.25,11179.5498046875,11113.25,11126.099609375,772000,10644.28505859375,10060.8900390625,134.19998604910714,59.919739740092105,Trending
2020-07-22,11132.599609375,11132.599609375,11238.099609375,11056.5498046875,11231.2001953125,765100,10685.650048828125,10099.61103515625,139.12137276785714,60.38779792689111,Trending
2020-07-23,11215.4501953125,11215.4501953125,11239.7998046875,11103.150390625,11135.0,621600,10731.9775390625,10136.24904296875,143.978515625,60.44102107980653,Trending
2020-07-24,11194.150390625,11194.150390625,11225.400390625,11090.2998046875,11149.9501953125,678900,10772.53505859375,10177.27705078125,145.32135881696428,59.648731907092426,Trending
2020-07-27,11131.7998046875,11131.7998046875,11225.0,11087.849609375,11225.0,588100,10813.505029296875,10217.1760546875,146.25355747767858,58.91262090143291,Trending
2020-07-28,11300.5498046875,11300.5498046875,11317.75,11151.400390625,11154.099609375,683900,10863.4275390625,10266.72205078125,145.89997209821428,58.41056718309348,Trending
2020-07-29,11202.849609375,11202.849609375,11341.400390625,11149.75,11276.900390625,600700,10902.067529296875,10313.19705078125,152.17145647321428,58.340891528957165,Trending
2020-07-30,11102.150390625,11102.150390625,11299.9501953125,11084.9501953125,11254.2998046875,677800,10929.5900390625,10353.9090625,159.92857142857142,58.8054518899369,Trending
2020-07-31,11073.4501953125,11073.4501953125,11150.400390625,11026.650390625,11139.5,642600,10952.895068359376,10393.25306640625,158.91071428571428,57.96370490269464,Trending
2020-08-03,10891.599609375,10891.599609375,11058.0498046875,10882.25,11057.5498046875,680900,10959.292529296876,10430.30005859375,157.69998604910714,58.78953992396088,Trending
2020-08-04,11095.25,11095.25,11112.25,10908.099609375,10946.650390625,625700,10974.072509765625,10471.6240625,154.44642857142858,58.51469254855199,Trending
2020-08-05,11101.650390625,11101.650390625,11225.650390625,11064.0498046875,11155.75,667600,10993.867529296875,10507.35806640625,154.55364118303572,58.60074733507277,Trending
2020-08-06,11200.150390625,11200.150390625,11256.7998046875,11127.2998046875,11185.7001953125,600400,11013.2025390625,10541.55908203125,150.67508370535714,56.566897619269,Trending
2020-08-07,11214.0498046875,11214.0498046875,11231.900390625,11142.0498046875,11186.650390625,452600,11035.5025390625,10574.23408203125,151.02866908482142,54.045211804115084,Trending
2020-08-10,11270.150390625,11270.150390625,11337.2998046875,11238.0,11270.25,492000,11058.875048828126,10603.11408203125,153.38581194196428,51.28268118139515,Trending
2020-08-11,11322.5,11322.5,11373.599609375,11299.150390625,11322.25,586100,11094.632568359375,10629.98208984375,145.73577008928572,48.739180380558714,Trending
2020-08-12,11308.400390625,11308.400390625,11322.0,11242.650390625,11289.0,609900,11129.142578125,10654.9191015625,141.64292689732142,45.02815547066092,Trending
2020-08-13,11300.4501953125,11300.4501953125,11359.2998046875,11269.9501953125,11334.849609375,562400,11157.167578125,10680.34611328125,138.375,42.57450046335712,Trending
2020-08-14,11178.400390625,11178.400390625,11366.25,11111.4501953125,11353.2998046875,645100,11171.002587890625,10701.07111328125,146.77852957589286,39.18356734604311,Trending
2020-08-17,11247.099609375,11247.099609375,11267.099609375,11144.5,11248.900390625,634000,11182.24755859375,10722.6641015625,143.65352957589286,35.433352850980064,Trending
2020-08-18,11385.349609375,11385.349609375,11401.7001953125,11253.150390625,11259.7998046875,579200,11193.4025390625,10749.4380859375,140.57491629464286,32.378523527236226,Trending
2020-08-19,11408.400390625,11408.400390625,11460.349609375,11394.099609375,11452.150390625,626200,11207.192578125,10775.2830859375,129.94991629464286,30.6410063722713,Trending
2020-08-20,11312.2001953125,11312.2001953125,11361.4501953125,11289.7998046875,11317.4501953125,791600,11212.030078125,10803.48708984375,126.228515625,29.616999822243702,Trending
2020-08-21,11371.599609375,11371.599609375,11418.5,11362.2001953125,11409.650390625,668700,11220.9025390625,10831.46107421875,117.69280133928571,29.93129710340185,Trending
2020-08-24,11466.4501953125,11466.4501953125,11497.25,11410.650390625,11412.0,532900,11237.63505859375,10864.51607421875,109.29631696428571,30.47930603820523,Trending
2020-08-25,11472.25,11472.25,11525.900390625,11423.349609375,11513.099609375,638200,11246.220068359375,10895.68107421875,105.07847377232143,30.51292466044442,Trending
2020-08-26,11549.599609375,11549.599609375,11561.75,11461.849609375,11512.849609375,743400,11263.557568359374,10929.05005859375,102.96421595982143,31.142190759766436,Trending
2020-08-27,11559.25,11559.25,11617.349609375,11540.599609375,11609.2998046875,719800,11286.412548828124,10958.40205078125,102.02845982142857,32.26953273346691,Trending
2020-08-28,11647.599609375,11647.599609375,11686.0498046875,11589.400390625,11602.9501953125,807000,11315.12001953125,10986.46603515625,101.83914620535714,33.293684494959265,Trending
2020-08-31,11387.5,11387.5,11794.25,11325.849609375,11777.5498046875,1371800,11339.9150390625,11007.99203125,129.978515625,33.338908623078694,Trending
2020-09-01,11470.25,11470.25,11553.5498046875,11366.900390625,11464.2998046875,783800,11358.6650390625,11027.97703125,137.64278738839286,36.034058656523996,Trending
2020-09-02,11535.0,11535.0,11554.75,11430.400390625,11478.5498046875,593500,11380.33251953125,11052.57103515625,140.14278738839286,37.909155870420314,Trending
2020-09-03,11527.4501953125,11527.4501953125,11584.9501953125,11507.650390625,11566.2001953125,607100,11396.697509765625,11077.34203125,127.46421595982143,41.989233170800695,Trending
2020-09-04,11333.849609375,11333.849609375,11452.0498046875,11303.650390625,11354.400390625,681300,11402.6875,11096.3590234375,129.30705915178572,44.29730919617027,Trending
2020-09-07,11355.0498046875,11355.0498046875,11381.150390625,11251.7001953125,11359.599609375,560300,11406.932470703125,11117.21201171875,127.94280133928571,44.66792794311595,Trending
2020-09-08,11317.349609375,11317.349609375,11437.25,11290.4501953125,11378.5498046875,572200,11406.674951171875,11137.51701171875,133.69635881696428,43.62761376379384,Trending
2020-09-09,11278.0,11278.0,11298.150390625,11185.150390625,11218.599609375,728900,11405.154931640625,11154.476015625,136.64990234375,43.26741506155098,Trending
2020-09-10,11449.25,11449.25,11464.0498046875,11327.400390625,11363.2998046875,679400,11412.594921875,11172.42701171875,142.38916015625,41.770610335853,Trending
2020-09-11,11464.4501953125,11464.4501953125,11493.5,11419.900390625,11447.7998046875,554800,11426.897412109374,11189.5690234375,141.46058872767858,39.88680964259801,Trending
2020-09-14,11440.0498046875,11440.0498046875,11568.900390625,11383.5498046875,11540.150390625,642300,11436.544921875,11203.09701171875,147.37486049107142,38.33363398512648,Trending
2020-09-15,11521.7998046875,11521.7998046875,11535.9501953125,11442.25,11487.2001953125,506700,11443.367431640625,11217.54,146.93198939732142,36.05235736542193,Trending
2020-09-16,11604.5498046875,11604.5498046875,11618.099609375,11516.75,11538.4501953125,527800,11453.17490234375,11235.51599609375,148.68910435267858,33.73594792175904,Trending
2020-09-17,11516.099609375,11516.099609375,11587.2001953125,11498.5,11539.400390625,0,11463.369873046875,11249.568984375,148.12130301339286,30.73818397460275,Trending
2020-09-18,11504.9501953125,11504.9501953125,11584.099609375,11446.099609375,11584.099609375,764200,11470.03740234375,11264.3069921875,124.52127511160714,28.945686521953387,Trending
2020-09-21,11250.5498046875,11250.5498046875,11535.25,11218.5,11503.7998046875,602900,11459.2423828125,11273.263984375,133.81417410714286,25.641164450391347,Ranging
2020-09-22,11153.650390625,11153.650390625,11302.2001953125,11084.650390625,11301.75,672200,11443.31240234375,11284.19,140.47133091517858,23.154631530009848,Ranging
2020-09-23,11131.849609375,11131.849609375,11259.5498046875,11024.400390625,11258.75,714900,11422.42490234375,11294.46298828125,151.74630301339286,20.041993424365923,Ranging
2020-09-24,10805.5498046875,10805.5498046875,11015.2998046875,10790.2001953125,11011.0,706100,11384.739892578125,11295.77498046875,157.22488839285714,18.7063217033293,Ranging
2020-09-25,11050.25,11050.25,11072.599609375,10854.849609375,10910.400390625,559600,11354.872412109375,11298.7459765625,163.53201729910714,17.864301003866725,Ranging
2020-09-28,11227.5498046875,11227.5498046875,11239.349609375,11099.849609375,11140.849609375,472800,11346.87490234375,11302.85296875,163.01060267857142,16.76825450016802,Ranging
2020-09-29,11222.400390625,11222.400390625,11305.400390625,11181.0,11288.599609375,498300,11334.482421875,11304.0559765625,163.82491629464286,16.225348933304126,Ranging
2020-09-30,11247.5498046875,11247.5498046875,11295.400390625,11184.5498046875,11244.4501953125,499300,11320.109912109376,11306.35498046875,161.98214285714286,14.477060768516733,Ranging
2020-10-01,11416.9501953125,11416.9501953125,11428.599609375,11347.0498046875,11364.4501953125,447700,11314.584912109374,11310.38498046875,162.55001395089286,13.304141226230666,Ranging
2020-10-05,11503.349609375,11503.349609375,11578.0498046875,11452.2998046875,11487.7998046875,530600,11323.059912109375,11316.56896484375,158.29282924107142,12.551609761497529,Ranging
2020-10-06,11662.400390625,11662.400390625,11680.2998046875,11564.2998046875,11603.4501953125,561400,11338.42744140625,11327.1809765625,159.88567243303572,13.191035142555732,Ranging
2020-10-07,11738.849609375,11738.849609375,11763.0498046875,11629.349609375,11679.25,513400,11359.50244140625,11335.94697265625,162.19642857142858,13.603169742921603,Ranging
2020-10-08,11834.599609375,11834.599609375,11905.7001953125,11791.150390625,11835.400390625,608800,11387.332421875,11348.58197265625,164.04282924107142,15.626317844900512,Ranging
2020-10-09,11914.2001953125,11914.2001953125,11938.599609375,11805.2001953125,11852.0498046875,611100,11410.579931640625,11364.82296875,163.71421595982142,18.005511432637537,Ranging
2020-10-12,11930.9501953125,11930.9501953125,12022.0498046875,11867.2001953125,11973.5498046875,522600,11433.904931640625,11381.97296875,152.14990234375,21.81452176741661,Ranging
2020-10-13,11934.5,11934.5,11988.2001953125,11888.900390625,11934.650390625,458300,11458.62744140625,11402.8309765625,143.70347377232142,26.42098179620273,Trending
2020-10-14,11971.0498046875,11971.0498046875,11997.2001953125,11822.150390625,11917.400390625,569200,11481.08994140625,11420.34697265625,139.41064453125,30.09501142382328,Trending
2020-10-15,11680.349609375,11680.349609375,12025.4501953125,11661.2998046875,12023.4501953125,608900,11484.879931640626,11431.92095703125,149.34284319196428,34.41179317996332,Trending
2020-10-16,11762.4501953125,11762.4501953125,11789.75,11667.849609375,11727.400390625,555800,11497.1974609375,11443.166953125,142.49644252232142,39.43890404637267,Trending
2020-10-19,11873.0498046875,11873.0498046875,11898.25,11820.400390625,11879.2001953125,541400,11515.60244140625,11456.346953125,138.09284319196428,45.03921735230777,Trending
2020-10-20,11896.7998046875,11896.7998046875,11949.25,11837.25,11861.0,453600,11547.91494140625,11468.87994140625,137.20710100446428,49.95902129378175,Trending
2020-10-21,11937.650390625,11937.650390625,12018.650390625,11775.75,11958.5498046875,623700,11587.11494140625,11481.18294921875,146.63922991071428,55.775360347246696,Trending
2020-10-22,11896.4501953125,11896.4501953125,11939.5498046875,11823.4501953125,11890.0,544900,11625.344970703125,11492.9439453125,149.10707310267858,62.028327809427495,Trending
2020-10-23,11930.349609375,11930.349609375,11974.5498046875,11908.75,11957.900390625,502300,11681.5849609375,11505.54193359375,144.82491629464286,67.7196214636348,Trending
2020-10-26,11767.75,11767.75,11942.849609375,11711.7001953125,11937.400390625,519800,11717.4599609375,11517.32892578125,153.04987444196428,70.35667918098699,Trending
2020-10-27,11889.400390625,11889.400390625,11899.0498046875,11723.0,11807.099609375,616300,11750.552490234375,11530.17494140625,156.07484654017858,72.92995727138269,Trending
2020-10-28,11729.599609375,11729.599609375,11929.400390625,11684.849609375,11922.599609375,704000,11775.912451171875,11537.05994140625,165.36063058035714,73.61968824620449,Trending
2020-10-29,11670.7998046875,11670.7998046875,11744.150390625,11606.4501953125,11633.2998046875,555000,11797.074951171875,11542.3079296875,165.66782924107142,72.06120514135752,Trending
2020-10-30,11642.400390625,11642.400390625,11748.9501953125,11535.4501953125,11678.4501953125,553700,11808.3474609375,11548.91193359375,169.85714285714286,67.7687077136114,Trending
2020-11-02,11669.150390625,11669.150390625,11725.650390625,11557.400390625,11697.349609375,568400,11816.6375,11554.86294921875,174.78215680803572,62.225000028097654,Trending
2020-11-03,11813.5,11813.5,11836.2001953125,11723.2998046875,11734.4501953125,674300,11824.19248046875,11561.8039453125,170.34291294642858,58.335554546439155,Trending
2020-11-04,11908.5,11908.5,11929.650390625,11756.400390625,11783.349609375,667300,11832.675,11570.5289453125,156.70717075892858,55.53099787757792,Trending
2020-11-05,12120.2998046875,12120.2998046875,12131.099609375,12027.599609375,12062.400390625,632500,11846.960009765626,11581.94294921875,155.39285714285714,53.230572564098466,Trending
2020-11-06,12263.5498046875,12263.5498046875,12280.400390625,12131.849609375,12156.650390625,576800,11864.427490234375,11596.0289453125,160.44294084821428,51.028531158670674,Trending
2020-11-09,12461.0498046875,12461.0498046875,12474.0498046875,12367.349609375,12399.400390625,553400,11890.932470703125,11612.29794921875,160.06438337053572,49.10155162006397,Trending
2020-11-10,12631.099609375,12631.099609375,12643.900390625,12475.25,12556.400390625,847500,11925.762451171875,11637.16994140625,154.76081194196428,47.48808818309182,Trending
2020-11-11,12749.150390625,12749.150390625,12769.75,12571.099609375,12680.599609375,880500,11964.66748046875,11662.74794921875,160.65729631696428,44.665772388512764,Trending
2020-11-12,12690.7998046875,12690.7998046875,12741.150390625,12624.849609375,12702.150390625,622000,12015.189990234376,11685.8639453125,164.26450892857142,41.570184601402794,Trending
2020-11-13,12719.9501953125,12719.9501953125,12735.9501953125,12607.7001953125,12659.7001953125,513900,12063.064990234376,11709.7139453125,156.91455078125,42.0106916224678,Trending
2020-11-17,12874.2001953125,12874.2001953125,12934.0498046875,12797.099609375,12932.5,707700,12113.122509765624,11740.52095703125,154.12172154017858,42.83752135698751,Trending
2020-11-18,12938.25,12938.25,12948.849609375,12819.349609375,12860.099609375,731300,12165.19501953125,11772.1849609375,145.90380859375,45.06520688037771,Trending
2020-11-19,12771.7001953125,12771.7001953125,12963.0,12745.75,12839.5,768800,12206.897509765626,11801.27197265625,151.5859375,49.3398773049752,Trending
2020-11-20,12859.0498046875,12859.0498046875,12892.4501953125,12730.25,12813.400390625,664000,12255.027490234375,11832.89296875,147.92166573660714,55.5553557495904,Trending
2020-11-23,12926.4501953125,12926.4501953125,12968.849609375,12825.7001953125,12960.2998046875,633100,12304.83251953125,11862.43697265625,146.12876674107142,61.45513996340715,Trending
2020-11-24,13055.150390625,13055.150390625,13079.099609375,12978.0,13002.599609375,571900,12369.2025390625,11894.2509765625,145.28585379464286,65.94074441509652,Trending
2020-11-25,12858.400390625,12858.400390625,13145.849609375,12833.650390625,13130.0,679000,12417.6525390625,11922.61798828125,155.21079799107142,67.980846516086,Trending
2020-11-26,12987.0,12987.0,13018.0,12790.400390625,12906.4501953125,549800,12480.52255859375,11951.9219921875,164.07505580357142,68.83147119179947,Trending
2020-11-27,12968.9501953125,12968.9501953125,13035.2998046875,12914.2998046875,13012.0498046875,1162400,12545.430078125,11979.21,162.10714285714286,69.25119998039219,Trending
2020-12-01,13109.0498046875,13109.0498046875,13128.400390625,12962.7998046875,13062.2001953125,583600,12618.762548828125,12011.06900390625,166.31431361607142,69.21992775867244,Trending
2020-12-02,13113.75,13113.75,13128.5,12983.5498046875,13121.400390625,717700,12690.992529296875,12043.245,164.62144252232142,68.25755808846348,Trending
2020-12-03,13133.900390625,13133.900390625,13216.599609375,13107.900390625,13215.2998046875,713700,12757.012548828125,12080.91201171875,158.19635881696428,67.81635740562352,Trending
2020-12-04,13258.5498046875,13258.5498046875,13280.0498046875,13152.849609375,13177.400390625,640500,12824.5150390625,12123.01,158.97488839285714,68.12503905334788,Trending
2020-12-07,13355.75,13355.75,13366.650390625,13241.9501953125,13264.849609375,591700,12886.287548828124,12167.4880078125,158.72133091517858,67.81430200353192,Trending
2020-12-08,13392.9501953125,13392.9501953125,13435.4501953125,13311.0498046875,13393.849609375,543200,12942.757568359375,12219.236015625,157.82491629464286,67.15206174298358,Trending
2020-12-09,13529.099609375,13529.099609375,13548.900390625,13449.599609375,13458.099609375,502600,12996.16005859375,12268.8130078125,155.66782924107142,66.46239584526741,Trending
2020-12-10,13478.2998046875,13478.2998046875,13503.5498046875,13399.2998046875,13488.5,553400,13038.520068359376,12313.8280078125,147.59640066964286,65.27022898142828,Trending
2020-12-11,13513.849609375,13513.849609375,13579.349609375,13402.849609375,13512.2998046875,787700,13076.755029296875,12359.6569921875,148.61781529017858,63.9601876738489,Trending
2020-12-14,13558.150390625,13558.150390625,13597.5,13472.4501953125,13571.4501953125,558400,13120.12255859375,12405.86900390625,147.32498604910714,62.67977403128487,Trending
2020-12-15,13567.849609375,13567.849609375,13589.650390625,13447.0498046875,13547.2001953125,497600,13162.517529296874,12448.8869921875,150.28934151785714,60.71980266597294,Trending
2020-12-16,13682.7001953125,13682.7001953125,13692.349609375,13606.4501953125,13663.099609375,462200,13202.942529296875,12492.47400390625,134.12506975446428,60.929469413334104,Trending
2020-12-17,13740.7001953125,13740.7001953125,13773.25,13673.5498046875,13713.5498046875,416000,13243.0650390625,12534.04,124.98939732142857,62.325715568951,Trending
2020-12-18,13760.5498046875,13760.5498046875,13772.849609375,13658.599609375,13764.400390625,519400,13292.50751953125,12574.47400390625,124.50725446428571,63.78789386176917,Trending
2020-12-21,13328.400390625,13328.400390625,13777.5,13131.4501953125,13741.900390625,687300,13315.975048828124,12604.35001953125,158.82505580357142,63.81570945083443,Trending
2020-12-22,13466.2998046875,13466.2998046875,13492.0498046875,13192.900390625,13373.650390625,696200,13342.967529296875,12635.39201171875,169.83928571428572,64.81392766836818,Trending
2020-12-23,13601.099609375,13601.099609375,13619.4501953125,13432.2001953125,13473.5,458700,13370.264990234375,12668.795,175.45005580357142,65.61866279188415,Trending
2020-12-24,13749.25,13749.25,13771.75,13626.900390625,13672.150390625,471400,13414.807470703125,12705.09,176.71072823660714,66.16553987046551,Trending
2020-12-28,13873.2001953125,13873.2001953125,13885.2998046875,13811.5498046875,13815.150390625,403600,13459.11748046875,12743.1330078125,173.07142857142858,66.15013444639354,Trending
2020-12-29,13932.599609375,13932.599609375,13967.599609375,13859.900390625,13910.349609375,439600,13507.299951171875,12788.1780078125,171.87848772321428,66.37802229118506,Trending
2020-12-30,13981.9501953125,13981.9501953125,13997.0,13864.9501953125,13980.900390625,380700,13550.944970703125,12832.5680078125,174.21770368303572,66.15348691640604,Trending
2020-12-31,13981.75,13981.75,14024.849609375,13936.4501953125,13970.0,452400,13594.344970703125,12874.74201171875,173.08551897321428,66.80082411441705,Trending
2021-01-01,14018.5,14018.5,14049.849609375,13991.349609375,13996.099609375,358100,13638.574951171875,12917.176015625,164.65694754464286,67.09631295922374,Trending
2021-01-04,14132.900390625,14132.900390625,14147.9501953125,13953.75,14104.349609375,495000,13682.29248046875,12961.081015625,169.59626116071428,67.62815850608705,Trending
2021-01-05,14199.5,14199.5,14215.599609375,14048.150390625,14075.150390625,492500,13724.47998046875,13007.14201171875,171.37116350446428,69.23278775714165,Trending
2021-01-06,14146.25,14146.25,14244.150390625,14039.900390625,14240.9501953125,632300,13762.144970703124,13051.46001953125,179.82477678571428,69.4221642729947,Trending
2021-01-07,14137.349609375,14137.349609375,14256.25,14123.099609375,14253.75,559200,13792.557470703125,13098.85201171875,182.21407645089286,68.85006405536767,Trending
2021-01-08,14347.25,14347.25,14367.2998046875,14221.650390625,14258.400390625,613500,13836.00498046875,13148.00900390625,184.45689174107142,68.95504147048067,Trending
2021-01-11,14484.75,14484.75,14498.2001953125,14383.099609375,14474.0498046875,672900,13884.55,13203.11201171875,146.53194754464286,72.52803935503734,Trending
2021-01-12,14563.4501953125,14563.4501953125,14590.650390625,14432.849609375,14473.7998046875,929600,13934.814990234376,13260.96501953125,136.43561662946428,75.29934399913863,Trending
2021-01-13,14564.849609375,14564.849609375,14653.349609375,14435.7001953125,14639.7998046875,874000,13984.664990234374,13319.41400390625,138.60700334821428,78.12522080449826,Trending
2021-01-14,14595.599609375,14595.599609375,14617.7998046875,14471.5,14550.0498046875,620200,14030.3099609375,13377.94298828125,138.71058872767858,80.76779846426459,Trending
2021-01-15,14433.7001953125,14433.7001953125,14617.4501953125,14357.849609375,14594.349609375,789600,14064.9599609375,13430.3469921875,151.98563058035714,82.16261501386214,Trending
2021-01-18,14281.2998046875,14281.2998046875,14459.150390625,14222.7998046875,14453.2998046875,762000,14090.9974609375,13477.80298828125,161.17501395089286,81.81661210078883,Trending
2021-01-19,14521.150390625,14521.150390625,14546.0498046875,14350.849609375,14371.650390625,546100,14150.6349609375,13525.82,165.68575613839286,81.71328345822226,Trending
2021-01-20,14644.7001953125,14644.7001953125,14666.4501953125,14517.5498046875,14538.2998046875,623100,14209.55498046875,13573.4430078125,170.00725446428572,81.0748904879626,Trending
2021-01-21,14590.349609375,14590.349609375,14753.5498046875,14517.25,14730.9501953125,704600,14259.01748046875,13616.02900390625,182.70724051339286,80.45484207572542,Trending
2021-01-22,14371.900390625,14371.900390625,14619.900390625,14357.75,14583.400390625,776800,14290.15,13650.84501953125,187.56082589285714,78.26848283238509,Trending
2021-01-25,14238.900390625,14238.900390625,14491.099609375,14218.599609375,14477.7998046875,618600,14308.435009765624,13680.64001953125,195.064453125,74.5055762170512,Trending
2021-01-27,13967.5,13967.5,14237.9501953125,13929.2998046875,14237.9501953125,660700,14310.180029296875,13706.1740234375,202.52162388392858,69.50232185814964,Trending
2021-01-28,13817.5498046875,13817.5498046875,13898.25,13713.25,13810.400390625,637900,14301.960009765626,13728.126015625,206.22516741071428,64.54846822376217,Trending
2021-01-29,13634.599609375,13634.599609375,13966.849609375,13596.75,13946.599609375,753200,14284.602490234374,13743.33400390625,222.25732421875,59.99672254086164,Trending
2021-02-01,14281.2001953125,14281.2001953125,14336.349609375,13661.75,13758.599609375,870500,14297.7375,13770.1930078125,262.22154017857144,54.014211731636415,Trending
2021-02-02,14647.849609375,14647.849609375,14731.7001953125,14469.150390625,14481.099609375,915000,14323.4849609375,13807.71599609375,269.70361328125,48.137035251909644,Trending
2021-02-03,14789.9501953125,14789.9501953125,14868.849609375,14574.150390625,14754.900390625,869500,14353.007470703125,13846.33400390625,275.20717075892856,42.057261554146024,Trending
2021-02-04,14895.650390625,14895.650390625,14913.7001953125,14714.75,14789.0498046875,884700,14390.477490234374,13885.7180078125,278.96791294642856,35.4864172918089,Trending
2021-02-05,14924.25,14924.25,15014.650390625,14864.75,14952.599609375,935600,14429.822509765625,13923.1,271.13218470982144,29.969024034557183,Trending
2021-02-08,15115.7998046875,15115.7998046875,15159.900390625,15041.0498046875,15064.2998046875,671200,14468.25,13968.24798828125,262.7393275669643,27.162673807741026,Trending
2021-02-09,15109.2998046875,15109.2998046875,15257.099609375,15064.2998046875,15164.150390625,713300,14499.477490234374,14010.693984375,262.56787109375,24.417905737109777,Ranging
2021-02-10,15106.5,15106.5,15168.25,14977.2001953125,15119.0498046875,624800,14526.62998046875,14053.44498046875,265.5785435267857,20.35953114092829,Ranging
2021-02-11,15173.2998046875,15173.2998046875,15188.5,15065.400390625,15073.25,500100,14557.052490234375,14094.72998046875,257.49281529017856,16.125702805223316,Ranging
2021-02-12,15163.2998046875,15163.2998046875,15243.5,15081.0,15186.2001953125,571800,14585.4375,14135.7209765625,250.37493024553572,14.280076398576147,Ranging
2021-02-15,15314.7001953125,15314.7001953125,15340.150390625,15243.400390625,15270.2998046875,456000,14629.4875,14179.33697265625,237.82135881696428,14.610597630371986,Ranging
2021-02-16,15313.4501953125,15313.4501953125,15431.75,15242.2001953125,15371.4501953125,648500,14681.09501953125,14220.43498046875,229.31417410714286,17.912567660925188,Ranging
2021-02-17,15208.900390625,15208.900390625,15314.2998046875,15170.75,15279.900390625,504800,14715.48251953125,14257.49798828125,226.35344587053572,21.935670575089663,Ranging
2021-02-18,15118.9501953125,15118.9501953125,15250.75,15078.0498046875,15238.7001953125,770600,14739.19501953125,14292.01798828125,212.25348772321428,24.78938355654565,Ranging
2021-02-19,14981.75,14981.75,15144.0498046875,14898.2001953125,15074.7998046875,712200,14758.7650390625,14321.07099609375,181.62848772321428,25.850542808841315,Ranging
2021-02-22,14675.7001953125,14675.7001953125,15010.099609375,14635.0498046875,14999.0498046875,609900,14773.955029296874,14345.01900390625,189.66420200892858,25.710582962337444,Ranging
2021-02-23,14707.7998046875,14707.7998046875,14854.5,14651.849609375,14782.25,744100,14797.4,14368.8980078125,183.08928571428572,25.442406580529404,Ranging
2021-02-24,14982.0,14982.0,15008.7998046875,14504.5,14729.150390625,403800,14848.125,14397.375,204.89997209821428,25.744272832761045,Ranging
2021-02-25,15097.349609375,15097.349609375,15176.5,15065.349609375,15079.849609375,803900,14912.114990234375,14427.965,202.13211495535714,26.36667777682715,Trending
2021-02-26,14529.150390625,14529.150390625,14919.4501953125,14467.75,14888.599609375,1103600,14956.842529296875,14444.89400390625,225.90708705357142,25.49079238654622,Ranging
2021-03-01,14761.5498046875,14761.5498046875,14806.7998046875,14638.5498046875,14702.5,507300,14980.860009765625,14465.31099609375,224.15352957589286,25.65185197807902,Ranging
2021-03-02,14919.099609375,14919.099609375,14959.099609375,14760.7998046875,14865.2998046875,621700,14994.422509765625,14488.4819921875,224.67138671875,25.428622172136762,Ranging
2021-03-03,15245.599609375,15245.599609375,15273.150390625,14995.7998046875,15064.400390625,544200,15017.20498046875,14526.8259765625,235.68931361607142,25.53106566160803,Ranging
2021-03-04,15080.75,15080.75,15202.349609375,14980.2001953125,15026.75,534900,15026.4599609375,14559.11498046875,239.94998604910714,24.317560745651026,Ranging
2021-03-05,14938.099609375,14938.099609375,15092.349609375,14862.099609375,14977.9501953125,640700,15027.15244140625,14585.85498046875,249.48570033482142,23.100080085297968,Ranging
2021-03-08,14956.2001953125,14956.2001953125,15111.150390625,14919.900390625,15002.4501953125,0,15019.1724609375,14609.993984375,249.60714285714286,20.790469253793866,Ranging
2021-03-09,15098.400390625,15098.400390625,15126.849609375,14925.4501953125,15049.900390625,675300,15018.627490234376,14634.49798828125,253.7392578125,17.325127976296315,Ranging
2021-03-10,15174.7998046875,15174.7998046875,15218.4501953125,15100.849609375,15202.150390625,404600,15022.04248046875,14659.3419921875,249.80357142857142,13.819581725492322,Ranging
2021-03-12,15030.9501953125,15030.9501953125,15336.2998046875,14953.599609375,15321.150390625,493200,15014.925,14680.3219921875,259.57861328125,12.147712236969188,Ranging
2021-03-15,14929.5,14929.5,15048.400390625,14745.849609375,15048.400390625,467500,15003.235009765625,14699.2769921875,254.40011160714286,12.053784521349163,Ranging
2021-03-16,14910.4501953125,14910.4501953125,15051.599609375,14890.650390625,14996.099609375,100,14983.022509765626,14717.11599609375,251.42145647321428,12.19748658573204,Ranging
2021-03-17,14721.2998046875,14721.2998046875,14956.5498046875,14696.0498046875,14946.5498046875,100,14953.414990234374,14728.883984375,234.00718470982142,11.622963715060205,Ranging
2021-03-18,14557.849609375,14557.849609375,14875.2001953125,14478.599609375,14855.5,542200,14920.862451171875,14736.0509765625,254.396484375,12.538927478797522,Ranging
2021-03-19,14744.0,14744.0,14788.25,14350.099609375,14471.150390625,919200,14902.11494140625,14748.0059765625,253.42864118303572,13.285235566902918,Ranging
2021-03-22,14736.400390625,14736.400390625,14763.900390625,14597.849609375,14736.2998046875,459000,14889.8474609375,14759.9869921875,253.27155412946428,12.488411328668432,Ranging
2021-03-23,14814.75,14814.75,14878.599609375,14707.0,14768.5498046875,474200,14896.799951171875,14769.3369921875,251.36439732142858,13.287896380198827,Ranging
2021-03-24,14549.400390625,14549.400390625,14752.349609375,14535.0,14712.4501953125,456400,14888.87998046875,14770.63,247.07861328125,16.006403694356568,Ranging
2021-03-25,14324.900390625,14324.900390625,14575.599609375,14264.400390625,14570.900390625,606800,14856.025,14765.85900390625,253.43931361607142,19.645727088575743,Ranging
2021-03-26,14507.2998046875,14507.2998046875,14572.900390625,14414.25,14506.2998046875,481000,14826.522509765626,14764.7080078125,248.32505580357142,21.993526182891106,Ranging
2021-03-30,14845.099609375,14845.099609375,14876.2998046875,14617.599609375,14628.5,594500,14842.319970703125,14769.6980078125,253.14292689732142,22.64552441580891,Ranging
2021-03-31,14690.7001953125,14690.7001953125,14813.75,14670.25,14811.849609375,463900,14838.777490234375,14774.8380078125,249.00725446428572,23.74686244207035,Ranging
2021-04-01,14867.349609375,14867.349609375,14883.2001953125,14692.4501953125,14798.400390625,445000,14836.189990234376,14786.55900390625,254.23221261160714,25.927108989599795,Ranging
2021-04-05,14637.7998046875,14637.7998046875,14849.849609375,14459.5,14837.7001953125,509700,14805.8,14788.8919921875,254.77859933035714,27.796326436045433,Trending
2021-04-16,14617.849609375,14617.849609375,14697.7001953125,14559.0,14599.599609375,577200,14661.147412109374,14862.4799609375,230.35707310267858,25.48405835325665,Ranging
2021-04-19,14359.4501953125,14359.4501953125,14382.2998046875,14191.400390625,14306.599609375,512300,14643.054931640625,14856.71197265625,221.76422991071428,22.749657588802396,Ranging
2021-04-20,14296.400390625,14296.400390625,14526.9501953125,14207.2998046875,14526.7001953125,467400,14629.982470703126,14846.8409765625,233.26422991071428,20.82284641312965,Ranging
2021-04-22,14406.150390625,14406.150390625,14424.75,14151.400390625,14219.150390625,524600,14613.089990234375,14837.0509765625,234.31061662946428,18.805079980764564,Ranging
2021-04-23,14341.349609375,14341.349609375,14461.150390625,14273.2998046875,14326.349609375,498100,14593.337451171876,14825.39296875,237.478515625,16.758016656295954,Ranging
2021-04-26,14485.0,14485.0,14557.5,14421.2998046875,14449.4501953125,452700,14576.849951171875,14812.77697265625,233.58210100446428,14.153310448635239,Ranging
2021-04-27,14653.0498046875,14653.0498046875,14667.5498046875,14484.849609375,14493.7998046875,451800,14582.032421875,14803.65197265625,218.75,12.910061561534585,Ranging
2021-04-28,14864.5498046875,14864.5498046875,14890.25,14694.9501953125,14710.5,457000,14609.014892578125,14798.81296875,218.04289899553572,12.585978283836608,Ranging
2021-04-29,14894.900390625,14894.900390625,15044.349609375,14814.4501953125,14979.0,517500,14628.394921875,14793.24498046875,218.03927176339286,13.234567675453563,Ranging
2021-04-30,14631.099609375,14631.099609375,14855.4501953125,14601.7001953125,14747.349609375,613900,14617.694921875,14782.6009765625,224.51778738839286,14.410069140118617,Ranging
2021-05-03,14634.150390625,14634.150390625,14673.849609375,14416.25,14481.0498046875,448900,14614.867431640625,14768.98998046875,233.43205915178572,15.1712710642388,Ranging
2021-05-04,14496.5,14496.5,14723.400390625,14461.5,14687.25,503400,14596.324951171875,14752.6509765625,223.29638671875,16.638937745983906,Ranging
2021-05-05,14617.849609375,14617.849609375,14637.900390625,14506.599609375,14604.150390625,455900,14595.32744140625,14740.8299609375,214.53215680803572,18.742680451945773,Ranging
2021-05-06,14724.7998046875,14724.7998046875,14743.900390625,14611.5,14668.349609375,467800,14597.392431640625,14732.946953125,206.53578404017858,20.604479527686344,Ranging
2021-05-07,14823.150390625,14823.150390625,14863.0498046875,14765.5,14816.849609375,488000,14597.5974609375,14729.7749609375,203.59647042410714,22.53387787253282,Ranging
2021-05-20,14906.0498046875,14906.0498046875,15069.7998046875,14884.900390625,15042.599609375,480300,14735.369970703125,14734.10697265625,163.23221261160714,32.11913470515575,Trending
2021-05-21,15175.2998046875,15175.2998046875,15190.0,14985.849609375,14987.7998046875,572900,14773.82744140625,14735.99796875,159.68938337053572,32.19832455303373,Trending
2021-05-24,15197.7001953125,15197.7001953125,15256.25,15145.4501953125,15211.349609375,579800,14816.644970703124,14741.18998046875,149.20368303571428,34.05546167878219,Trending
2021-05-25,15208.4501953125,15208.4501953125,15293.849609375,15163.400390625,15291.75,441500,14852.81748046875,14746.23498046875,139.81431361607142,34.7289437154181,Trending
2021-05-26,15301.4501953125,15301.4501953125,15319.900390625,15194.9501953125,15257.0498046875,384000,14885.2375,14750.2959765625,139.36070033482142,34.82350416141279,Trending
2021-05-27,15337.849609375,15337.849609375,15384.5498046875,15272.5,15323.9501953125,0,14908.902490234375,14753.55697265625,137.90708705357142,34.45154016342445,Trending
2021-05-28,15435.650390625,15435.650390625,15469.650390625,15394.75,15421.2001953125,468100,14935.939990234376,14761.6509765625,136.28927176339286,33.86526724955973,Trending
2021-05-31,15582.7998046875,15582.7998046875,15606.349609375,15374.0,15437.75,436000,14983.525,14774.71697265625,147.57135881696428,31.567865086735786,Trending
2021-06-01,15574.849609375,15574.849609375,15660.75,15528.2998046875,15629.650390625,409600,15030.5599609375,14788.0049609375,147.84640066964286,31.718215097588217,Trending
2021-06-02,15576.2001953125,15576.2001953125,15597.4501953125,15459.849609375,15520.349609375,428600,15084.544970703126,14805.10296875,145.22147042410714,32.55528780881182,Trending
2021-06-03,15690.349609375,15690.349609375,15705.099609375,15611.0,15655.5498046875,410200,15138.169970703126,14827.75296875,140.67501395089286,34.84970010733782,Trending
2021-06-04,15670.25,15670.25,15733.599609375,15622.349609375,15712.5,414200,15185.44248046875,14846.27796875,133.43212890625,36.80253768520595,Trending
2021-06-07,15751.650390625,15751.650390625,15773.4501953125,15678.099609375,15725.099609375,394000,15231.86748046875,14866.58296875,133.56075613839286,38.33791635216078,Trending
2021-06-08,15740.099609375,15740.099609375,15778.7998046875,15680.0,15773.900390625,378200,15271.75498046875,14885.0899609375,131.72140066964286,41.26872496604823,Trending
2021-06-09,15635.349609375,15635.349609375,15800.4501953125,15566.900390625,15766.2998046875,457900,15310.9849609375,14906.8089453125,135.19642857142858,45.74679012300796,Trending
2021-06-10,15737.75,15737.75,15751.25,15648.5,15692.099609375,298300,15363.0474609375,14935.0659375,127.95354352678571,48.788323481501365,Trending
2021-06-11,15799.349609375,15799.349609375,15835.5498046875,15749.7998046875,15796.4501953125,363000,15419.124951171874,14960.90693359375,126.16427176339286,50.68145672579395,Trending
2021-06-14,15811.849609375,15811.849609375,15823.0498046875,15606.5,15791.400390625,392900,15463.559912109375,14980.24193359375,132.31431361607142,51.106609325116956,Trending
2021-06-15,15869.25,15869.25,15901.599609375,15842.400390625,15866.9501953125,323300,15501.617431640625,15003.8129296875,127.61781529017857,52.196670727953624,Trending
2021-06-16,15767.5498046875,15767.5498046875,15880.849609375,15742.599609375,15847.5,340200,15538.48740234375,15021.81693359375,129.4892578125,51.98504271338511,Trending
2021-06-17,15691.400390625,15691.400390625,15769.349609375,15616.75,15648.2998046875,357600,15577.754931640626,15042.8889453125,135.03920200892858,50.35545487709385,Trending
2021-06-18,15683.349609375,15683.349609375,15761.5,15450.900390625,15756.5,640800,15603.157421875,15062.8859375,140.62848772321428,48.627853301590285,Trending
2021-06-21,15746.5,15746.5,15765.150390625,15505.650390625,15525.849609375,351500,15630.597412109375,15081.43494140625,149.70347377232142,46.17716399666627,Trending
2021-06-22,15772.75,15772.75,15895.75,15752.099609375,15840.5,322200,15658.81240234375,15099.4139453125,150.13560267857142,43.14962161122459,Trending
2021-06-23,15686.9501953125,15686.9501953125,15862.9501953125,15673.9501953125,15862.7998046875,287500,15678.08740234375,15116.45595703125,156.91420200892858,39.51098976624569,Trending
2021-06-24,15790.4501953125,15790.4501953125,15821.400390625,15702.7001953125,15737.2998046875,316700,15700.717431640625,15146.04896484375,157.44635881696428,36.15972723450822,Trending
2021-06-25,15860.349609375,15860.349609375,15870.7998046875,15772.2998046875,15839.349609375,314600,15721.952392578125,15173.1599609375,157.67131696428572,32.89233554299658,Trending
2021-06-28,15814.7001953125,15814.7001953125,15915.650390625,15792.150390625,15915.349609375,255100,15733.547412109376,15197.8249609375,159.43561662946428,28.7361750318236,Trending
2021-06-29,15748.4501953125,15748.4501953125,15835.900390625,15724.0498046875,15807.5,360300,15742.22744140625,15220.43697265625,150.74281529017858,24.358996587367,Ranging
2021-06-30,15721.5,15721.5,15839.099609375,15708.75,15776.900390625,262400,15749.492431640625,15247.67796875,152.71421595982142,19.987612460976884,Ranging
2021-07-01,15680.0,15680.0,15755.5498046875,15667.0498046875,15755.0498046875,224900,15748.974951171875,15275.3499609375,152.91064453125,16.912509391334968,Ranging
2021-07-02,15722.2001953125,15722.2001953125,15738.349609375,15635.9501953125,15705.849609375,254800,15751.5724609375,15301.67095703125,144.75704520089286,14.939009585697903,Ranging
2021-07-05,15834.349609375,15834.349609375,15845.9501953125,15762.0498046875,15793.400390625,207000,15755.707421875,15331.53095703125,146.52141462053572,12.58693369602291,Ranging
2021-07-06,15818.25,15818.25,15914.2001953125,15801.0,15813.75,391400,15759.61494140625,15358.19595703125,144.73214285714286,10.563368408007596,Ranging
2021-07-07,15879.650390625,15879.650390625,15893.5498046875,15779.7001953125,15819.599609375,329300,15771.82998046875,15382.72796875,141.96428571428572,10.91716244645398,Ranging
2021-07-08,15727.900390625,15727.900390625,15885.75,15682.900390625,15855.400390625,307900,15771.3375,15399.99498046875,134.26785714285714,11.537239020044662,Ranging
2021-07-09,15689.7998046875,15689.7998046875,15730.849609375,15632.75,15688.25,243200,15765.860009765625,15415.89296875,122.7392578125,10.991869651849834,Ranging
2021-07-12,15692.599609375,15692.599609375,15789.2001953125,15644.75,15766.7998046875,216300,15759.897509765626,15437.12296875,122.79638671875,10.643695618652808,Ranging
2021-07-13,15812.349609375,15812.349609375,15820.7998046875,15744.599609375,15794.0,246700,15757.052490234375,15460.686953125,114.7392578125,10.520980747002188,Ranging
2021-07-14,15853.9501953125,15853.9501953125,15877.349609375,15764.2001953125,15808.7001953125,0,15761.372509765624,15487.83595703125,114.3427734375,10.537396715887835,Ranging
2021-07-15,15924.2001953125,15924.2001953125,15952.349609375,15855.0,15872.150390625,284900,15773.0125,15513.96296875,114.26060267857143,10.956005579742344,Ranging
2021-07-16,15923.400390625,15923.400390625,15962.25,15882.599609375,15958.349609375,276300,15785.0150390625,15537.93498046875,111.12848772321429,11.521517439516922,Ranging
2021-07-19,15752.400390625,15752.400390625,15836.900390625,15707.5,15754.5,242100,15785.31005859375,15556.51998046875,112.38204520089286,11.70351232716248,Ranging
2021-07-20,15632.099609375,15632.099609375,15728.4501953125,15578.5498046875,15703.9501953125,274300,15778.2775390625,15570.31498046875,113.77852957589286,11.532774483291254,Ranging
2021-07-22,15824.0498046875,15824.0498046875,15834.7998046875,15726.400390625,15736.599609375,265300,15785.13251953125,15589.7809765625,115.19991629464286,10.951586251744887,Ranging
2021-07-23,15856.0498046875,15856.0498046875,15899.7998046875,15768.400390625,15856.7998046875,294100,15788.4125,15612.97197265625,117.27134486607143,11.439522273296244,Ranging
2021-07-26,15824.4501953125,15824.4501953125,15893.349609375,15797.0,15849.2998046875,267100,15786.617529296875,15635.90498046875,118.16057477678571,11.124169516835712,Ranging
2021-07-27,15746.4501953125,15746.4501953125,15881.5498046875,15701.0,15860.5,311000,15783.205029296874,15652.3709765625,122.97126116071429,11.24427944536364,Ranging
2021-07-28,15709.400390625,15709.400390625,15767.5,15513.4501953125,15761.5498046875,318600,15781.2525390625,15664.3969921875,132.98556082589286,11.09045707355888,Ranging
2021-07-29,15778.4501953125,15778.4501953125,15817.349609375,15737.7998046875,15762.7001953125,401600,15784.100048828124,15679.36298828125,124.17843191964286,10.113508490583191,Ranging
2021-07-30,15763.0498046875,15763.0498046875,15862.7998046875,15744.849609375,15800.599609375,400000,15788.2525390625,15696.50298828125,125.59633091517857,10.806684454294949,Ranging
2021-08-02,15885.150390625,15885.150390625,15892.900390625,15834.650390625,15874.900390625,244800,15796.400048828125,15710.7,119.43917410714286,11.561197414569838,Ranging
2021-08-03,16130.75,16130.75,16146.900390625,15914.349609375,15951.5498046875,341300,15811.220068359375,15729.36099609375,130.60707310267858,12.424085649386075,Ranging
2021-08-04,16258.7998046875,16258.7998046875,16290.2001953125,16176.150390625,16195.25,427300,15833.24755859375,15750.36798828125,130.67138671875,13.328403917230963,Ranging
2021-08-05,16294.599609375,16294.599609375,16349.4501953125,16210.2998046875,16288.9501953125,418200,15853.99501953125,15770.2309765625,133.65715680803572,13.735919534362964,Ranging
2021-08-06,16238.2001953125,16238.2001953125,16336.75,16223.2998046875,16304.400390625,320100,15879.510009765625,15788.23798828125,136.07142857142858,14.18713406454581,Ranging
2021-08-09,16258.25,16258.25,16320.75,16179.0498046875,16281.349609375,240500,15907.93251953125,15804.68998046875,136.94998604910714,15.54744148806758,Ranging
2021-08-10,16280.099609375,16280.099609375,16359.25,16202.25,16274.7998046875,288000,15937.30751953125,15818.6359765625,137.45710100446428,18.94302478052609,Ranging
2021-08-11,16282.25,16282.25,16338.75,16162.5498046875,16327.2998046875,277900,15960.8025390625,15832.783984375,142.30001395089286,20.57637886755796,Ranging
2021-08-12,16364.400390625,16364.400390625,16375.5,16286.900390625,16303.650390625,280200,15986.325048828125,15848.54798828125,139.24288504464286,21.370367449028418,Ranging
2021-08-13,16529.099609375,16529.099609375,16543.599609375,16376.2998046875,16385.69921875,321900,16016.57001953125,15865.32298828125,144.31075613839286,23.652168961551162,Ranging
2021-08-16,16563.05078125,16563.05078125,16589.400390625,16480.75,16518.400390625,254000,16048.5525390625,15883.17900390625,139.17508370535714,27.6971213371007,Trending
2021-08-17,16614.599609375,16614.599609375,16628.55078125,16495.400390625,16545.25,297400,16091.6625,15900.43798828125,130.53941127232142,32.71598949125299,Trending
2021-08-18,16568.849609375,16568.849609375,16701.849609375,16535.849609375,16691.94921875,251800,16138.5,15917.01298828125,136.71442522321428,38.47093798573267,Trending
2021-08-20,16450.5,16450.5,16509.55078125,16376.0498046875,16382.5,350800,16169.822509765625,15933.31599609375,137.8251953125,41.53070931612553,Trending
2021-08-23,16496.44921875,16496.44921875,16592.5,16395.69921875,16592.25,275600,16201.84248046875,15948.48998046875,147.7216796875,44.83592674339119,Trending
2021-08-24,16624.599609375,16624.599609375,16647.099609375,16495.30078125,16561.400390625,275400,16241.849951171875,15964.99498046875,141.95368303571428,47.225355134091004,Trending
2021-08-25,16634.650390625,16634.650390625,16712.44921875,16617.5,16654.0,265900,16286.2599609375,15981.45099609375,140.58935546875,49.207057187017504,Trending
2021-08-26,16636.900390625,16636.900390625,16683.69921875,16603.400390625,16627.94921875,253500,16332.6349609375,15996.80400390625,136.38567243303572,50.84129976841913,Trending
2021-08-27,16705.19921875,16705.19921875,16722.05078125,16565.599609375,16642.55078125,217400,16378.972412109375,16015.5569921875,139.45717075892858,52.89471118553697,Trending
2021-08-30,16931.05078125,16931.05078125,16951.5,16764.849609375,16775.849609375,283500,16437.3724609375,16040.35,142.66789899553572,55.31485410083104,Trending
2021-08-31,17132.19921875,17132.19921875,17153.5,16915.849609375,16947.5,464400,16499.72490234375,16069.3269921875,148.42864118303572,56.62121251249903,Trending
2021-09-01,17076.25,17076.25,17225.75,17055.05078125,17185.599609375,301900,16546.99990234375,16095.9219921875,148.03571428571428,59.182339270102766,Trending
2021-09-02,17234.150390625,17234.150390625,17245.5,17059.69921875,17095.400390625,242400,16595.767431640626,16125.15,154.97865513392858,61.74544336967845,Trending
2021-09-03,17323.599609375,17323.599609375,17340.099609375,17212.19921875,17262.44921875,261400,16647.217431640624,16157.88298828125,152.16441127232142,63.558827680613305,Trending
2021-09-06,17377.80078125,17377.80078125,17429.55078125,17345.55078125,17399.349609375,228000,16704.1974609375,16189.63,150.40366908482142,64.39479135424551,Trending
2021-09-07,17362.099609375,17362.099609375,17436.5,17287.0,17401.55078125,243400,16759.38994140625,16219.665,151.57149832589286,62.9773235204902,Trending
2021-09-08,17353.5,17353.5,17383.400390625,17254.19921875,17375.75,252700,16813.0599609375,16250.44099609375,148.94301060267858,60.995231717612164,Trending
2021-09-09,17369.25,17369.25,17379.650390625,17302.69921875,17312.849609375,241500,16867.4099609375,16282.8569921875,144.90373883928572,62.15312522428205,Trending
2021-09-13,17355.30078125,17355.30078125,17378.349609375,17269.150390625,17363.55078125,241100,16916.95498046875,16315.5330078125,138.646484375,62.49251782204863,Trending
2021-09-14,17380.0,17380.0,17438.55078125,17367.05078125,17420.349609375,230400,16959.5,16349.5330078125,132.91085379464286,63.26457559102448,Trending
2021-09-15,17519.44921875,17519.44921875,17532.69921875,17386.900390625,17387.650390625,388200,17007.319921875,16385.47798828125,136.54296875,64.12461629687967,Trending
2021-09-16,17629.5,17629.5,17644.599609375,17510.44921875,17539.19921875,503300,17058.06494140625,16421.38099609375,140.38950892857142,66.14893718745692,Trending
2021-09-17,17585.150390625,17585.150390625,17792.94921875,17537.650390625,17709.650390625,508300,17108.87998046875,16456.71900390625,147.45005580357142,68.02407810466296,Trending
2021-09-20,17396.900390625,17396.900390625,17622.75,17361.80078125,17443.849609375,339100,17156.2,16487.06400390625,152.75711495535714,67.49680910383977,Trending
2021-09-21,17562.0,17562.0,17578.349609375,17326.099609375,17450.5,363600,17209.4775390625,16523.74599609375,153.79994419642858,66.09737278419301,Trending
2021-09-22,17546.650390625,17546.650390625,17610.44921875,17524.0,17580.900390625,295200,17255.580078125,16560.8830078125,147.78208705357142,64.16824869241351,Trending
2021-09-23,17822.94921875,17822.94921875,17843.900390625,17646.55078125,17670.849609375,320500,17314.99501953125,16603.49,148.60700334821428,62.68105945223403,Trending
2021-09-24,17853.19921875,17853.19921875,17947.650390625,17819.400390625,17897.44921875,360100,17375.8099609375,16644.3069921875,148.63197544642858,61.28487931339127,Trending
2021-09-27,17855.099609375,17855.099609375,17943.5,17802.900390625,17932.19921875,295700,17433.30498046875,16684.32998046875,152.6748046875,59.129480540595914,Trending
2021-09-28,17748.599609375,17748.599609375,17912.849609375,17576.099609375,17906.44921875,398000,17474.182421875,16720.81796875,166.0498046875,57.280316131245506,Trending
2021-09-29,17711.30078125,17711.30078125,17781.75,17608.150390625,17657.94921875,562200,17503.1375,16756.5759765625,169.22112165178572,56.66850985355297,Trending
2021-09-30,17618.150390625,17618.150390625,17742.150390625,17585.349609375,17718.900390625,378600,17530.23251953125,16793.8909765625,174.92466517857142,54.446461877771696,Trending
2021-10-01,17532.05078125,17532.05078125,17557.150390625,17452.900390625,17531.900390625,305800,17545.1275390625,16831.89,174.57114955357142,52.2451952708749,Trending
2021-10-04,17691.25,17691.25,17750.900390625,17581.349609375,17615.55078125,295800,17563.51005859375,16869.23400390625,181.57477678571428,50.00971840956696,Trending
2021-10-05,17822.30078125,17822.30078125,17833.44921875,17640.900390625,17661.349609375,427000,17585.73505859375,16908.5590234375,184.9140625,47.67671650475565,Trending
2021-10-06,17646.0,17646.0,17884.599609375,17613.150390625,17861.5,395800,17599.930078125,16944.99001953125,194.72112165178572,44.29001693045582,Trending
2021-10-07,17790.349609375,17790.349609375,17857.55078125,17763.80078125,17810.55078125,419900,17621.77255859375,16985.8680078125,183.18191964285714,40.164717270105186,Trending
2021-10-08,17895.19921875,17895.19921875,17941.849609375,17840.349609375,17886.849609375,324100,17648.07001953125,17029.583984375,171.79268973214286,39.01972686713636,Trending
2021-10-11,17945.94921875,17945.94921875,18041.94921875,17839.099609375,17867.55078125,375800,17677.60244140625,17072.93396484375,168.26409040178572,39.12073692758481,Trending
2021-10-12,17991.94921875,17991.94921875,18008.650390625,17864.94921875,17915.80078125,355600,17708.19990234375,17117.511953125,172.353515625,39.34717961345155,Trending
2021-10-13,18161.75,18161.75,18197.80078125,18050.75,18097.849609375,506700,17740.31494140625,17163.0439453125,168.7607421875,39.29777193570078,Trending
2021-10-14,18338.55078125,18338.55078125,18350.75,18248.69921875,18272.849609375,538700,17775.76748046875,17207.1999609375,166.88936941964286,39.21522694667383,Trending
2021-10-18,18477.05078125,18477.05078125,18543.150390625,18445.30078125,18500.099609375,469900,17820.3625,17251.56498046875,163.83579799107142,40.497036499225715,Trending
2021-10-19,18418.75,18418.75,18604.44921875,18377.69921875,18602.349609375,368200,17871.45498046875,17294.04798828125,155.97865513392858,42.918409016588434,Trending
2021-10-20,18266.599609375,18266.599609375,18458.30078125,18209.349609375,18439.900390625,371300,17906.6849609375,17334.6159765625,161.36090959821428,43.137068589936995,Trending
2021-10-21,18178.099609375,18178.099609375,18384.19921875,18048.0,18382.69921875,365900,17938.257421875,17373.01296875,174.17508370535714,43.06038273462675,Trending
2021-10-22,18114.900390625,18114.900390625,18314.25,18034.349609375,18230.69921875,324700,17952.85498046875,17409.708984375,186.72154017857142,44.887338438616986,Trending
2021-10-25,18125.400390625,18125.400390625,18241.400390625,17968.5,18229.5,418700,17966.4650390625,17446.5719921875,194.10365513392858,45.68165405337458,Trending
2021-10-26,18268.400390625,18268.400390625,18310.44921875,18099.30078125,18154.5,341400,17987.130078125,17484.6519921875,195.43219866071428,46.53061974580033,Trending
2021-10-27,18210.94921875,18210.94921875,18342.05078125,18167.900390625,18295.849609375,335200,18010.24755859375,17518.288984375,188.48228236607142,47.85670436290304,Trending
2021-10-28,17857.25,17857.25,18190.69921875,17799.44921875,18187.650390625,374200,18017.54501953125,17544.17296875,209.73228236607142,48.52848301864045,Trending
2021-10-29,17671.650390625,17671.650390625,17915.849609375,17613.099609375,17833.05078125,336500,18020.22001953125,17565.313984375,224.10728236607142,46.34555761296845,Trending
2021-11-01,17929.650390625,17929.650390625,17954.099609375,17697.099609375,17783.150390625,281200,18040.1,17592.53,227.97516741071428,43.20099342501906,Trending
2021-11-02,17888.94921875,17888.94921875,18012.25,17847.599609375,17970.900390625,296400,18049.9849609375,17621.298984375,229.47154017857142,40.1199075088653,Trending
2021-11-03,17829.19921875,17829.19921875,17988.75,17757.94921875,17947.94921875,331000,18050.3298828125,17647.953984375,235.45368303571428,37.53005817953879,Trending
2021-11-04,17916.80078125,17916.80078125,17947.55078125,17900.599609375,17935.05078125,48500,18063.869921875,17673.7980078125,231.51799665178572,36.74151495277311,Trending
2021-11-08,18068.55078125,18068.55078125,18087.80078125,17836.099609375,18040.19921875,338900,18077.77998046875,17702.476015625,242.50739397321428,36.014556011824126,Trending
2021-11-09,18044.25,18044.25,18112.599609375,17983.05078125,18084.349609375,270200,18085.23251953125,17730.6230078125,235.564453125,33.91101184195531,Trending
2021-11-10,18017.19921875,18017.19921875,18061.25,17915.0,17973.44921875,261400,18088.79501953125,17756.8630078125,228.22865513392858,33.14574105533505,Trending
2021-11-11,17873.599609375,17873.599609375,17971.349609375,17798.19921875,17967.44921875,232100,18082.8775390625,17775.713984375,216.58231026785714,32.928525792635796,Trending
2021-11-12,18102.75,18102.75,18123.0,17905.900390625,17977.599609375,249100,18079.9275390625,17795.125,212.09654017857142,30.305574997532283,Trending
2021-11-15,18109.44921875,18109.44921875,18210.150390625,18071.30078125,18140.94921875,280400,18068.4724609375,17815.788984375,202.521484375,27.376455383262613,Trending
2021-11-16,17999.19921875,17999.19921875,18132.650390625,17958.80078125,18127.05078125,267400,18044.5798828125,17831.0899609375,199.85728236607142,25.68720979928822,Ranging
2021-11-17,17898.650390625,17898.650390625,18022.650390625,17879.25,17939.349609375,295700,18018.57490234375,17842.5909765625,197.66085379464286,24.756934633719855,Ranging
2021-11-18,17764.80078125,17764.80078125,17945.599609375,17688.5,17890.55078125,278400,17993.4849609375,17850.3309765625,188.07868303571428,25.012446526710146,Ranging
2021-11-22,17416.55078125,17416.55078125,17805.25,17280.44921875,17796.25,356400,17955.40751953125,17851.42,203.939453125,26.655374335720182,Trending
2021-11-23,17503.349609375,17503.349609375,17553.69921875,17216.099609375,17281.75,308800,17924.82998046875,17854.4169921875,209.69656808035714,29.013736064350013,Trending
2021-11-24,17415.05078125,17415.05078125,17600.599609375,17354.0,17550.05078125,298100,17889.3125,17855.3330078125,215.55008370535714,31.473523764683375,Trending
2021-12-20,16614.19921875,16614.19921875,16840.099609375,16410.19921875,16824.25,330600,17231.63486328125,17704.1019140625,238.22516741071428,25.36585359451533,Ranging
2021-12-21,16770.849609375,16770.849609375,16936.400390625,16688.25,16773.150390625,241000,17195.00986328125,17683.7119140625,245.32156808035714,22.143931731154485,Ranging
2021-12-22,16955.44921875,16955.44921875,16971.0,16819.5,16865.55078125,207900,17172.02978515625,17664.9169140625,236.78236607142858,21.331119881840586,Ranging
2021-12-23,17072.599609375,17072.599609375,17118.650390625,17015.55078125,17066.80078125,197000,17148.847265625,17647.449921875,222.0751953125,19.018071134512805,Ranging
2021-12-24,17003.75,17003.75,17155.599609375,16909.599609375,17149.5,182600,17147.7123046875,17627.6859375,216.4287109375,14.573640843887805,Ranging
2021-12-27,17086.25,17086.25,17112.05078125,16833.19921875,16937.75,144800,17149.32734375,17606.1759375,217.49665178571428,11.066391809500535,Ranging
2021-12-28,17233.25,17233.25,17250.25,17161.150390625,17177.599609375,176000,17161.8298828125,17584.069921875,211.314453125,9.216950235197187,Ranging
2021-12-29,17213.599609375,17213.599609375,17285.94921875,17176.650390625,17220.099609375,161700,17164.16484375,17558.8008984375,207.43219866071428,8.699058282893363,Ranging
2021-12-30,17203.94921875,17203.94921875,17264.05078125,17146.349609375,17201.44921875,320800,17154.27978515625,17534.5048828125,206.61802455357142,9.288114753560862,Ranging
2021-12-31,17354.05078125,17354.05078125,17400.80078125,17238.5,17244.5,167000,17162.14736328125,17516.25390625,197.95731026785714,8.77404810879658,Ranging
2022-01-03,17625.69921875,17625.69921875,17646.650390625,17383.30078125,17387.150390625,200500,17197.81982421875,17505.2058984375,206.02525111607142,9.527685788997834,Ranging
2022-01-04,17805.25,17805.25,17827.599609375,17593.55078125,17681.400390625,247400,17229.24736328125,17499.012890625,211.38588169642858,10.870351901833287,Ranging
2022-01-05,17925.25,17925.25,17944.69921875,17748.849609375,17820.099609375,251500,17252.02236328125,17495.0098828125,211.48939732142858,13.299309599660164,Ranging
2022-01-06,17745.900390625,17745.900390625,17797.94921875,17655.55078125,17768.5,236500,17263.47490234375,17484.5598828125,197.9677734375,16.181409992975723,Ranging
2022-01-07,17812.69921875,17812.69921875,17905.0,17704.55078125,17797.599609375,239300,17278.54482421875,17476.5948828125,181.57840401785714,18.997048539941932,Ranging
2022-01-10,18003.30078125,18003.30078125,18017.44921875,17879.150390625,17913.30078125,232400,17310.29736328125,17479.5158984375,173.73186383928572,22.965300913037257,Ranging
2022-01-14,18255.75,18255.75,18286.94921875,18119.650390625,18185.0,229500,17510.38486328125,17508.759921875,153.18150111607142,40.914106123994586,Trending
2022-01-17,18308.099609375,18308.099609375,18321.55078125,18228.75,18235.650390625,266700,17595.0798828125,17516.5858984375,153.44587053571428,45.948500507120166,Trending
2022-01-18,18113.05078125,18113.05078125,18350.94921875,18085.900390625,18337.19921875,227500,17662.18994140625,17517.4758984375,164.57087053571428,49.976042388246235,Trending
2022-01-19,17938.400390625,17938.400390625,18129.19921875,17884.900390625,18129.19921875,276700,17711.3375,17515.35890625,173.61356026785714,53.01793860781368,Trending
2022-01-20,17757.0,17757.0,17943.69921875,17648.44921875,17921.0,258100,17745.55751953125,17510.154921875,183.10993303571428,55.07453513404899,Trending
2022-01-21,17617.150390625,17617.150390625,17707.599609375,17485.849609375,17613.69921875,277600,17776.2275390625,17505.0259375,180.13853236607142,54.75024168963947,Trending
2022-01-24,17149.099609375,17149.099609375,17599.400390625,16997.849609375,17575.150390625,323800,17779.37001953125,17485.9529296875,206.388671875,52.7477573841558,Trending
2022-01-25,17277.94921875,17277.94921875,17309.150390625,16836.80078125,17001.55078125,326500,17781.60498046875,17469.3229296875,226.138671875,51.343248877417736,Trending
2022-01-27,17110.150390625,17110.150390625,17182.5,16866.75,17062.0,395600,17776.43251953125,17451.541953125,238.52092633928572,49.20433517994619,Trending
2022-01-28,17101.94921875,17101.94921875,17373.5,17077.099609375,17208.30078125,355300,17771.33251953125,17435.6079296875,245.37458147321428,45.30309165741842,Trending
2022-01-31,17339.849609375,17339.849609375,17410.0,17264.150390625,17301.05078125,321700,17770.6224609375,17427.10890625,245.91392299107142,41.79649405405708,Trending
2022-02-01,17576.849609375,17576.849609375,17622.400390625,17244.55078125,17529.44921875,386400,17768.17998046875,17430.3148828125,264.55678013392856,38.15414731385729,Trending
2022-02-02,17780.0,17780.0,17794.599609375,17674.80078125,17706.19921875,271200,17766.91748046875,17435.847890625,266.0318080357143,34.60016412648233,Trending
2022-02-03,17560.19921875,17560.19921875,17781.150390625,17511.150390625,17767.75,226600,17748.66494140625,17438.750859375,277.57114955357144,31.244718671199898,Trending
2022-02-04,17516.30078125,17516.30078125,17617.80078125,17462.55078125,17590.19921875,261400,17737.1849609375,17438.351875,276.7105189732143,27.906628973672195,Trending
2022-02-07,17213.599609375,17213.599609375,17536.75,17119.400390625,17456.30078125,265000,17707.22998046875,17442.0948828125,299.892578125,25.651484488288126,Volatile
2022-02-08,17266.75,17266.75,17306.44921875,17043.650390625,17279.849609375,268500,17670.40244140625,17446.3508984375,299.7318638392857,24.232651076503178,Volatile
2022-02-09,17463.80078125,17463.80078125,17477.150390625,17339.0,17370.099609375,236400,17640.80498046875,17455.9629296875,292.1498325892857,22.052062611760533,Ranging
2022-02-10,17605.849609375,17605.849609375,17639.44921875,17427.150390625,17554.099609375,273600,17610.47998046875,17464.7419140625,286.22474888392856,19.718172176069793,Ranging
2022-02-11,17374.75,17374.75,17454.75,17303.0,17451.0,253100,17566.32744140625,17464.20390625,281.22474888392856,18.787393351821834,Ranging
2022-02-14,16842.80078125,16842.80078125,17099.5,16809.650390625,17076.150390625,305500,17495.67998046875,17457.1259375,258.9603794642857,18.629508261931175,Ranging
2022-02-15,17352.44921875,17352.44921875,17375.0,16839.25,16933.25,298700,17447.8974609375,17465.929921875,263.48897879464283,18.4168702896804,Ranging
2022-02-16,17322.19921875,17322.19921875,17490.599609375,17257.69921875,17408.44921875,244500,17408.3548828125,17468.839921875,257.57114955357144,18.85814241654782,Ranging
2022-02-17,17304.599609375,17304.599609375,17442.900390625,17235.849609375,17396.55078125,232100,17376.66484375,17465.5369140625,251.18903459821428,18.789687966244475,Ranging
2022-02-18,17276.30078125,17276.30078125,17380.80078125,17219.19921875,17236.05078125,189600,17352.6298828125,17460.7259375,252.31417410714286,18.030756323860547,Ranging
2022-02-21,17206.650390625,17206.650390625,17351.05078125,17070.69921875,17192.25,215200,17332.1048828125,17454.6329296875,245.35002790178572,17.53824451120193,Ranging
2022-02-22,17092.19921875,17092.19921875,17148.55078125,16843.80078125,16847.94921875,300100,17329.25986328125,17449.1119140625,258.56082589285717,18.380773615384218,Ranging
2022-02-23,17063.25,17063.25,17220.69921875,17027.849609375,17194.5,200200,17318.52490234375,17443.87890625,253.05008370535714,17.318856708523462,Ranging
2022-02-24,16247.9501953125,16247.9501953125,16705.25,16203.25,16548.900390625,458000,17275.414892578126,17424.40990234375,277.8179408482143,16.729333260701388,Ranging
2022-02-25,16658.400390625,16658.400390625,16748.80078125,16478.30078125,16515.650390625,329800,17253.237451171874,17412.60990234375,267.3286830357143,14.395233384840733,Ranging
2022-02-28,16793.900390625,16793.900390625,16815.900390625,16356.2998046875,16481.599609375,404200,17225.939990234376,17408.78392578125,281.38595145089283,12.173442276019015,Ranging
2022-03-02,16605.94921875,16605.94921875,16678.5,16478.650390625,16593.099609375,517700,17177.394970703124,17408.61892578125,285.7930385044643,12.22824167926394,Ranging
2022-03-03,16498.05078125,16498.05078125,16768.94921875,16442.94921875,16723.19921875,442100,17113.297509765624,17403.16294921875,293.91455078125,14.589060244686065,Volatile
2022-03-04,16245.349609375,16245.349609375,16456.0,16133.7998046875,16339.4501953125,456100,17047.555029296876,17388.96095703125,306.08956473214283,17.1307273168012,Volatile
2022-03-07,15863.150390625,15863.150390625,15944.599609375,15711.4501953125,15867.9501953125,585400,16964.897509765626,17364.77197265625,302.03955078125,19.69357727936229,Volatile
2022-03-08,16013.4501953125,16013.4501953125,16028.75,15671.4501953125,15747.75,543600,16904.8900390625,17344.9659765625,289.29310825892856,21.953715064315862,Ranging
2022-03-09,16345.349609375,16345.349609375,16418.05078125,15990.0,16078.0,462200,16858.82001953125,17330.14796875,303.232421875,23.156563637537072,Volatile
2022-03-10,16594.900390625,16594.900390625,16757.30078125,16447.900390625,16757.099609375,486400,16815.375,17317.3809765625,310.54310825892856,23.684251809714368,Volatile
2022-03-11,16630.44921875,16630.44921875,16694.400390625,16470.900390625,16528.80078125,343700,16766.60498046875,17305.71796875,314.9644252232143,24.224456586356087,Volatile
2022-03-14,16871.30078125,16871.30078125,16887.94921875,16606.5,16633.69921875,314700,16741.43251953125,17299.065,315.04282924107144,24.019485627453083,Volatile
2022-03-15,16663.0,16663.0,16927.75,16555.0,16900.650390625,381600,16732.44248046875,17285.243984375,319.8999720982143,23.032671449025223,Volatile
2022-03-16,16975.349609375,16975.349609375,16987.900390625,16837.849609375,16876.650390625,260000,16713.5875,17272.2369921875,316.84291294642856,22.77312827985555,Volatile
2022-03-17,17287.05078125,17287.05078125,17344.599609375,17175.75,17202.900390625,448300,16711.830078125,17261.8730078125,293.0464564732143,24.40833578959762,Volatile
2022-04-05,17957.400390625,17957.400390625,18095.44921875,17921.55078125,18080.599609375,283500,17131.345068359376,17119.0869921875,210.20717075892858,41.18120994261242,Trending
2022-04-06,17807.650390625,17807.650390625,17901.0,17779.849609375,17842.75,328800,17221.055078125,17122.8969921875,208.14285714285714,42.84770321405095,Trending
2022-04-07,17639.55078125,17639.55078125,17787.5,17623.69921875,17723.30078125,308800,17285.76513671875,17132.706015625,207.7822265625,40.30962087878298,Trending
2022-04-08,17784.349609375,17784.349609375,17842.75,17600.55078125,17698.150390625,274400,17345.23759765625,17142.8340234375,206.72865513392858,38.92991454304645,Trending
2022-04-11,17674.94921875,17674.94921875,17779.05078125,17650.94921875,17740.900390625,251700,17397.46259765625,17154.13,192.44308035714286,38.44022915936119,Trending
2022-04-12,17530.30078125,17530.30078125,17595.30078125,17442.349609375,17584.849609375,266000,17430.41259765625,17162.69703125,186.02525111607142,36.64997609487648,Trending
2022-04-13,17475.650390625,17475.650390625,17663.650390625,17457.400390625,17599.900390625,245100,17471.0451171875,17165.413046875,186.42885044642858,36.750390962488225,Trending
2022-04-18,17173.650390625,17173.650390625,17237.75,17067.849609375,17183.44921875,376100,17480.96015625,17157.3490625,182.96819196428572,34.733046356451894,Trending
2022-04-19,16958.650390625,16958.650390625,17275.650390625,16824.69921875,17258.94921875,401400,17464.54013671875,17140.9220703125,198.66476004464286,31.69236806512268,Trending
2022-04-20,17136.55078125,17136.55078125,17186.900390625,16978.94921875,17045.25,286100,17465.4876953125,17132.4491015625,205.8076171875,29.035230884076448,Trending
2022-04-21,17392.599609375,17392.599609375,17414.69921875,17215.5,17234.599609375,285200,17469.34267578125,17129.975078125,210.37179129464286,26.49458924461157,Trending
2022-04-22,17171.94921875,17171.94921875,17315.30078125,17149.19921875,17242.75,262700,17465.6576171875,17129.1420703125,213.33607700892858,24.914673379694612,Ranging
2022-04-25,16953.94921875,16953.94921875,17054.30078125,16888.69921875,17009.05078125,275700,17452.217578125,17122.8860546875,205.09333147321428,24.63329059520598,Ranging
2022-04-26,17200.80078125,17200.80078125,17223.849609375,17064.44921875,17121.30078125,261100,17454.6076171875,17117.6260546875,193.38978794642858,24.712275469109716,Ranging
2022-04-27,17038.400390625,17038.400390625,17110.69921875,16958.44921875,17073.349609375,265100,17445.42763671875,17106.2770703125,191.84347098214286,24.660983936779946,Ranging
2022-04-28,17245.05078125,17245.05078125,17322.5,17071.05078125,17189.5,312900,17441.41513671875,17103.6830859375,201.15053013392858,24.344501242881524,Ranging
2022-04-29,17102.55078125,17102.55078125,17377.650390625,17053.25,17329.25,336200,17421.63017578125,17108.8780859375,212.62193080357142,24.897200218035945,Ranging
2022-05-02,17069.099609375,17069.099609375,17092.25,16917.25,16924.44921875,278200,17401.84765625,17103.21109375,207.82198660714286,25.820173326019475,Ranging
2022-05-04,16677.599609375,16677.599609375,17132.849609375,16623.94921875,17096.599609375,310600,17352.20517578125,17090.3191015625,235.02190290178572,26.4840210152339,Trending
2022-05-05,16682.650390625,16682.650390625,16945.69921875,16651.849609375,16854.75,265800,17283.66767578125,17077.8801171875,245.08607700892858,28.070970894855922,Trending
2022-05-06,16411.25,16411.25,16484.19921875,16340.900390625,16415.55078125,300500,17206.36015625,17060.5791015625,240.58956473214286,29.737533466034396,Trending
2022-05-09,16301.849609375,16301.849609375,16403.69921875,16142.099609375,16227.7001953125,288400,17131.0701171875,17042.4830859375,247.13950892857142,32.326790853153845,Trending
2022-05-10,16240.0498046875,16240.0498046875,16404.55078125,16197.2998046875,16248.900390625,283100,17061.095068359376,17025.44009765625,229.73235212053572,34.799933206638364,Trending
2022-06-06,16569.55078125,16569.55078125,16610.94921875,16444.55078125,16530.69921875,233600,16242.677685546874,16856.99814453125,208.6103515625,24.78347280507313,Ranging
2022-06-07,16416.349609375,16416.349609375,16487.25,16347.099609375,16469.599609375,233800,16251.49267578125,16840.87013671875,205.14962332589286,23.018696136212373,Ranging
2022-06-08,16356.25,16356.25,16514.30078125,16293.349609375,16474.94921875,243500,16260.9501953125,16824.93513671875,205.96400669642858,19.880957594837195,Ranging
2022-06-09,16478.099609375,16478.099609375,16492.80078125,16243.849609375,16263.849609375,205000,16294.45517578125,16810.05712890625,203.80336216517858,17.24685236982106,Ranging
2022-06-10,16201.7998046875,16201.7998046875,16324.7001953125,16172.599609375,16283.9501953125,189700,16315.437646484375,16787.587109375,198.31417410714286,16.893470981701054,Ranging
2022-06-13,15774.400390625,15774.400390625,15886.150390625,15684.0,15877.5498046875,225500,16312.04267578125,16753.1101171875,199.59633091517858,16.870720696687165,Ranging
2022-06-14,15732.099609375,15732.099609375,15858.0,15659.4501953125,15674.25,225400,16285.682666015626,16718.457109375,198.32135881696428,16.34680972432327,Ranging
2022-06-15,15692.150390625,15692.150390625,15783.650390625,15678.900390625,15729.25,183000,16258.2751953125,16678.8911328125,184.32135881696428,15.7086922208176,Ranging
2022-06-16,15360.599609375,15360.599609375,15863.150390625,15335.099609375,15832.25,264700,16235.83515625,16625.0351171875,211.42145647321428,18.639088658027863,Ranging
2022-06-17,15293.5,15293.5,15400.400390625,15183.400390625,15272.650390625,342600,16187.20263671875,16571.757109375,213.396484375,23.168786274123054,Ranging
2022-07-11,16216.0,16216.0,16248.5498046875,16115.5,16136.150390625,255900,15747.782421875,16083.571015625,177.03201729910714,25.70915912101901,Ranging
2022-07-12,16058.2998046875,16058.2998046875,16158.75,16031.150390625,16126.2001953125,208600,15764.092431640625,16063.35501953125,173.32840401785714,24.84944520251494,Ranging
2022-07-13,15966.650390625,15966.650390625,16140.0,15950.150390625,16128.2001953125,233300,15777.817431640626,16049.13603515625,168.24979073660714,22.43911369525663,Ranging
2022-07-14,15938.650390625,15938.650390625,16070.849609375,15858.2001953125,16018.849609375,228600,15806.719970703125,16034.25603515625,174.16761997767858,20.743226959070288,Ranging
2022-07-15,16049.2001953125,16049.2001953125,16066.9501953125,15927.2998046875,16010.7998046875,205800,15844.50498046875,16027.0150390625,176.14620535714286,20.48851038293471,Ranging
2022-07-18,16278.5,16278.5,16287.9501953125,16142.2001953125,16151.400390625,227700,15890.9224609375,16026.548046875,173.560546875,20.95455872306497,Ranging
2022-07-19,16340.5498046875,16340.5498046875,16359.5,16187.0498046875,16187.0498046875,222600,15926.0099609375,16028.558046875,173.46414620535714,22.022898445265213,Ranging
2022-07-20,16520.849609375,16520.849609375,16588.0,16490.94921875,16562.80078125,284400,15981.387451171875,16035.633046875,168.88560267857142,24.11961331961934,Ranging
2022-07-22,16719.44921875,16719.44921875,16752.25,16610.900390625,16661.25,190900,16084.827392578125,16070.3240234375,155.38190569196428,31.299371948392157,Trending
2022-07-25,16631.0,16631.0,16706.05078125,16564.25,16662.55078125,211400,16124.77490234375,16086.09802734375,148.34626116071428,33.57702395138956,Trending
2022-07-26,16483.849609375,16483.849609375,16636.099609375,16463.30078125,16632.900390625,208200,16156.457373046875,16090.5890234375,145.65694754464286,34.293118665904885,Trending
2022-07-27,16641.80078125,16641.80078125,16653.44921875,16438.75,16475.349609375,185200,16198.592431640625,16098.61904296875,153.52476283482142,32.478546421479855,Trending
2022-07-28,16929.599609375,16929.599609375,16947.650390625,16746.25,16774.849609375,376300,16256.059912109375,16121.02302734375,159.51053292410714,30.336567246572738,Trending
2022-07-29,17158.25,17158.25,17172.80078125,17018.150390625,17079.5,436100,16326.369921875,16138.86501953125,161.05343191964286,30.234315642226942,Trending
2022-08-01,17340.05078125,17340.05078125,17356.25,17154.80078125,17243.19921875,381500,16401.60498046875,16161.37203125,166.32840401785714,31.668923745451817,Trending
2022-08-02,17345.44921875,17345.44921875,17390.150390625,17215.849609375,17310.150390625,333600,16478.3349609375,16185.7780078125,165.2177734375,34.5366609293537,Trending
2022-08-03,17388.150390625,17388.150390625,17407.5,17225.849609375,17349.25,285400,16548.252490234376,16213.02501953125,163.00355747767858,39.185347143099946,Trending
2022-08-04,17382.0,17382.0,17490.69921875,17161.25,17463.099609375,325000,16610.707470703124,16237.26201171875,176.56061662946428,44.16858918411955,Trending
2022-08-05,17397.5,17397.5,17474.400390625,17348.75,17423.650390625,355300,16669.552490234375,16258.1630078125,175.12493024553572,47.764558234315714,Trending
2022-08-08,17525.099609375,17525.099609375,17548.80078125,17359.75,17401.5,257000,16735.007470703124,16275.4369921875,176.31068638392858,50.826129853060124,Trending
2022-08-10,17534.75,17534.75,17566.099609375,17442.80078125,17566.099609375,312700,16808.82998046875,16294.4409765625,178.185546875,53.071448346004345,Trending
2022-08-11,17659.0,17659.0,17719.30078125,17631.94921875,17711.650390625,311200,16893.4474609375,16317.1659765625,174.20717075892858,54.26104712524961,Trending
2022-08-12,17698.150390625,17698.150390625,17724.650390625,17597.849609375,17659.650390625,303900,16981.4224609375,16338.568984375,173.16796875,54.319475012865254,Trending
2022-08-16,17825.25,17825.25,17839.099609375,17764.05078125,17797.19921875,0,17070.224951171876,16363.38796875,168.39997209821428,56.110078694244564,Trending
2022-08-17,17944.25,17944.25,17965.94921875,17833.349609375,17868.150390625,262800,17153.512451171875,16390.881953125,165.52859933035714,60.01040201661232,Trending
2022-08-18,17956.5,17956.5,17968.44921875,17852.05078125,17898.650390625,263900,17234.3099609375,16421.6849609375,158.50711495535714,64.90162209972519,Trending
2022-08-19,17758.44921875,17758.44921875,17992.19921875,17710.75,17966.55078125,295600,17296.18994140625,16449.7289453125,164.22488839285714,68.50973096581681,Trending
2022-08-22,17490.69921875,17490.69921875,17690.05078125,17467.349609375,17682.900390625,287600,17340.46240234375,16469.9809375,169.08565848214286,69.07396651854955,Trending
2022-08-23,17577.5,17577.5,17625.55078125,17345.19921875,17357.349609375,285600,17383.36494140625,16497.49494140625,174.72154017857142,67.13121985322057,Trending
2022-08-24,17604.94921875,17604.94921875,17623.650390625,17499.25,17525.44921875,262000,17432.06240234375,16534.10591796875,171.1572265625,64.29810369330234,Trending
2022-08-25,17522.44921875,17522.44921875,17726.5,17487.44921875,17679.0,230200,17483.9923828125,16569.91291015625,175.25725446428572,61.07623982241115,Trending
2022-08-26,17558.900390625,17558.900390625,17685.849609375,17519.349609375,17619.30078125,266600,17529.84736328125,16607.24791015625,163.61802455357142,57.87174099737898,Trending
2022-08-29,17312.900390625,17312.900390625,17380.150390625,17166.19921875,17188.650390625,244900,17549.01240234375,16646.29392578125,169.92522321428572,53.73827995593116,Trending
2022-08-30,17759.30078125,17759.30078125,17777.650390625,17401.5,17414.94921875,324700,17579.06494140625,16695.60994140625,183.28948102678572,50.04227701960785,Trending
2022-09-01,17542.80078125,17542.80078125,17695.599609375,17468.44921875,17485.69921875,308500,17589.20244140625,16739.46294921875,190.70744977678572,46.8094538928752,Trending
2022-09-02,17539.44921875,17539.44921875,17643.849609375,17476.44921875,17598.400390625,256300,17598.90244140625,16777.4759375,196.42522321428572,42.58225327553068,Trending
2022-09-05,17665.80078125,17665.80078125,17683.150390625,17540.349609375,17546.44921875,230300,17612.7849609375,16822.52595703125,197.56808035714286,39.9404110012202,Trending
2022-09-06,17655.599609375,17655.599609375,17764.650390625,17587.650390625,17695.69921875,251200,17626.46494140625,16864.50494140625,204.85030691964286,35.97992082344232,Trending
2022-09-07,17624.400390625,17624.400390625,17650.75,17484.30078125,17519.400390625,354100,17637.8099609375,16903.00794921875,207.26813616071428,30.812444761249342,Trending
2022-09-08,17798.75,17798.75,17807.650390625,17691.94921875,17748.150390625,279800,17651.49248046875,16942.341953125,207.21833147321428,24.320917023275577,Ranging
2022-09-09,17833.349609375,17833.349609375,17925.94921875,17786.0,17923.349609375,270300,17666.4224609375,16982.00494140625,197.11118861607142,20.642634453021838,Ranging
2022-09-12,17936.349609375,17936.349609375,17980.55078125,17889.150390625,17890.849609375,228200,17680.28994140625,17024.74994140625,187.73256138392858,20.666596642000716,Ranging
2022-09-13,18070.05078125,18070.05078125,18088.30078125,18015.44921875,18044.44921875,259900,17698.8849609375,17070.54595703125,172.9111328125,23.384171803029535,Ranging
2022-09-14,18003.75,18003.75,18091.55078125,17771.150390625,17771.150390625,365900,17707.8099609375,17115.5799609375,186.9111328125,24.955722132224814,Ranging
2022-09-15,17877.400390625,17877.400390625,18096.150390625,17861.5,18046.349609375,289600,17704.46748046875,17156.4209765625,186.59681919642858,25.947357865062624,Ranging
2022-09-16,17530.849609375,17530.849609375,17820.05078125,17497.25,17796.80078125,468500,17683.1849609375,17190.8209765625,197.76116071428572,25.262917171270665,Ranging
2022-09-19,17622.25,17622.25,17667.19921875,17429.69921875,17540.650390625,258300,17676.375,17223.46998046875,199.44321986607142,26.581710212088264,Trending
2022-09-20,17816.25,17816.25,17919.30078125,17744.400390625,17770.400390625,263100,17692.6525390625,17257.13697265625,185.06821986607142,27.465029692141165,Trending
2022-09-21,17718.349609375,17718.349609375,17838.69921875,17663.599609375,17766.349609375,245500,17699.69501953125,17287.09197265625,181.35030691964286,27.3004065812884,Trending
2022-09-22,17629.80078125,17629.80078125,17722.75,17532.44921875,17609.650390625,284100,17700.93759765625,17315.36798828125,182.98604910714286,27.153724272912942,Trending
2022-09-23,17327.349609375,17327.349609375,17642.150390625,17291.650390625,17593.849609375,390800,17691.1826171875,17340.748984375,197.82170758928572,26.033209757359227,Trending
2022-09-26,17016.30078125,17016.30078125,17196.400390625,16978.30078125,17156.30078125,492000,17664.05263671875,17361.7419921875,200.75739397321428,26.371162327238835,Trending
2022-09-27,17007.400390625,17007.400390625,17176.44921875,16942.349609375,17110.900390625,359900,17648.77763671875,17383.1169921875,205.58956473214286,26.256594949452825,Trending
2022-09-28,16858.599609375,16858.599609375,17037.599609375,16820.400390625,16870.55078125,323900,17603.742578125,17399.30498046875,212.83942522321428,28.494088258455857,Trending
2022-09-29,16818.099609375,16818.099609375,17026.05078125,16788.599609375,16993.599609375,340000,17567.50751953125,17410.09697265625,219.80385044642858,30.279727713186173,Trending
2022-09-30,17094.349609375,17094.349609375,17187.099609375,16747.69921875,16798.05078125,376100,17545.2525390625,17425.17296875,244.66099330357142,30.377123833479693,Trending
2022-10-03,16887.349609375,16887.349609375,17114.650390625,16855.55078125,17102.099609375,278400,17506.32998046875,17432.50296875,257.9644252232143,30.82835252612174,Trending
2022-10-04,17274.30078125,17274.30078125,17287.30078125,17117.30078125,17147.44921875,226000,17487.2650390625,17445.883984375,247.22154017857142,31.528359217521945,Trending
2022-10-06,17331.80078125,17331.80078125,17428.80078125,17315.650390625,17379.25,265500,17472.63505859375,17458.131015625,238.54296875,31.08762841431561,Trending
2022-11-03,18052.69921875,18052.69921875,18106.30078125,17959.19921875,17968.349609375,213000,17542.494921875,17526.6969921875,139.63253348214286,33.46892350683151,Trending
2022-11-04,18117.150390625,18117.150390625,18135.099609375,18017.150390625,18053.400390625,267900,17581.76240234375,17537.49,135.28599330357142,35.46459561527546,Trending
2022-11-07,18202.80078125,18202.80078125,18255.5,18064.75,18211.75,314800,17626.169921875,17549.44703125,132.482421875,38.881372591431884,Trending
2022-11-09,18157.0,18157.0,18296.400390625,18117.5,18288.25,307200,17671.969921875,17562.138046875,138.56459263392858,42.74233200579196,Trending
2022-11-10,18028.19921875,18028.19921875,18103.099609375,17969.400390625,18044.349609375,256500,17724.20234375,17571.5240234375,138.48953683035714,43.546792004676256,Trending
2022-11-11,18349.69921875,18349.69921875,18362.30078125,18259.349609375,18272.349609375,378500,17785.50732421875,17592.26,134.18959263392858,45.578793976929454,Trending
2022-11-14,18329.150390625,18329.150390625,18399.44921875,18311.400390625,18376.400390625,301400,17851.24736328125,17603.6569921875,129.80733816964286,47.340108300658976,Trending
2022-11-15,18403.400390625,18403.400390625,18427.94921875,18282.0,18362.75,250900,17912.132421875,17620.868984375,135.22154017857142,47.83687339062937,Trending
2022-11-16,18409.650390625,18409.650390625,18442.150390625,18344.150390625,18398.25,219300,17967.02490234375,17638.2730078125,129.75725446428572,49.92192802980407,Trending
2022-11-17,18343.900390625,18343.900390625,18417.599609375,18312.94921875,18358.69921875,200500,18009.8724609375,17651.835,127.98939732142857,51.97878570592354,Trending
2022-11-18,18307.650390625,18307.650390625,18394.599609375,18209.80078125,18382.94921875,198800,18049.64248046875,17664.876015625,132.96065848214286,51.207835755707755,Trending
2022-11-21,18159.94921875,18159.94921875,18262.30078125,18133.349609375,18246.400390625,213800,18079.44248046875,17675.5869921875,133.39285714285714,47.529893756351875,Trending
2022-11-22,18244.19921875,18244.19921875,18261.849609375,18137.69921875,18179.150390625,177700,18112.83740234375,17684.4959765625,134.0,43.02332977097145,Trending
2022-11-23,18267.25,18267.25,18325.400390625,18246.0,18325.19921875,178800,18139.66240234375,17693.173984375,130.37862723214286,38.46260364078963,Trending
2022-11-24,18484.099609375,18484.099609375,18529.69921875,18294.25,18326.099609375,204000,18181.04990234375,17704.128984375,136.68917410714286,36.46772301536595,Trending
2022-11-25,18512.75,18512.75,18534.900390625,18445.099609375,18528.44921875,205900,18219.83994140625,17712.98296875,134.67857142857142,34.53673664857108,Trending
2022-11-28,18562.75,18562.75,18614.25,18365.599609375,18430.55078125,206500,18258.63740234375,17724.16296875,138.81431361607142,30.737651336041264,Trending
2022-11-29,18618.05078125,18618.05078125,18678.099609375,18552.150390625,18552.44921875,195300,18288.92998046875,17738.9759765625,135.03208705357142,27.523475827285107,Trending
2022-11-30,18758.349609375,18758.349609375,18816.05078125,18616.55078125,18625.69921875,345600,18319.57744140625,17763.5259765625,139.73214285714286,27.74935042420862,Trending
2022-12-01,18812.5,18812.5,18887.599609375,18778.19921875,18871.94921875,325000,18356.0599609375,17787.3309765625,140.19280133928572,26.85088212725759,Trending
2022-12-02,18696.099609375,18696.099609375,18781.94921875,18639.19921875,18752.400390625,254400,18388.22998046875,17804.92796875,144.10002790178572,24.445049904113848,Ranging
2022-12-05,18701.05078125,18701.05078125,18728.599609375,18591.349609375,18719.55078125,288400,18417.425,17824.5819921875,143.47865513392858,22.483899977162203,Ranging
2022-12-06,18642.75,18642.75,18654.900390625,18577.900390625,18600.650390625,217800,18439.4224609375,17844.8409765625,141.97865513392858,19.486721573822383,Ranging
2022-12-07,18560.5,18560.5,18668.30078125,18528.400390625,18638.849609375,200500,18459.5974609375,17869.503984375,144.49651227678572,17.12173180797982,Ranging
2022-12-08,18609.349609375,18609.349609375,18625.0,18536.94921875,18570.849609375,202800,18488.65498046875,17901.3649609375,137.5859375,16.78154356124303,Ranging
2022-12-09,18496.599609375,18496.599609375,18664.69921875,18410.099609375,18662.400390625,215800,18496.0,17931.1489453125,146.56082589285714,17.62687317168158,Ranging
2022-12-12,18497.150390625,18497.150390625,18521.55078125,18345.69921875,18402.150390625,193900,18504.4,17963.9199609375,150.25376674107142,17.70517839479938,Ranging
2022-12-13,18608.0,18608.0,18617.25,18490.19921875,18524.400390625,187600,18514.62998046875,17999.71796875,153.65736607142858,18.075464020072136,Ranging
2022-12-14,18660.30078125,18660.30078125,18696.099609375,18632.900390625,18671.25,208000,18527.1625,18031.0369921875,141.35379464285714,17.002537751076513,Ranging
2022-12-15,18414.900390625,18414.900390625,18652.900390625,18387.69921875,18614.400390625,183100,18530.7125,18061.5880078125,153.88239397321428,15.413846588131351,Ranging
2022-12-16,18269.0,18269.0,18440.94921875,18255.150390625,18319.099609375,277700,18528.77998046875,18081.4819921875,149.39299665178572,15.27084196430477,Ranging
2022-12-19,18420.44921875,18420.44921875,18431.650390625,18244.55078125,18288.099609375,154800,18541.80498046875,18103.2549609375,153.76088169642858,15.450135777057294,Ranging
2022-12-20,18385.30078125,18385.30078125,18404.900390625,18202.650390625,18340.30078125,169000,18548.86005859375,18124.66796875,153.95731026785714,14.913509137526228,Ranging
2022-12-21,18199.099609375,18199.099609375,18473.349609375,18162.75,18435.150390625,187600,18545.4525390625,18143.8299609375,168.32868303571428,15.057520317639566,Ranging
2022-12-22,18127.349609375,18127.349609375,18318.75,18068.599609375,18288.80078125,195700,18527.6150390625,18166.7059375,176.00013950892858,16.463793983333606,Ranging
2022-12-23,17806.80078125,17806.80078125,18050.44921875,17779.5,17977.650390625,221500,18492.317578125,18180.3699609375,185.55008370535714,18.429183782808895,Ranging
2022-12-26,18014.599609375,18014.599609375,18084.099609375,17774.25,17830.400390625,176700,18464.91005859375,18200.3749609375,202.18219866071428,20.428543140726592,Ranging
2022-12-27,18132.30078125,18132.30078125,18149.25,17967.44921875,18089.80078125,214300,18440.62255859375,18219.3069921875,205.17508370535714,21.669987058994135,Ranging
2022-12-28,18122.5,18122.5,18173.099609375,18068.349609375,18084.75,193900,18408.830078125,18235.5209765625,206.36788504464286,21.793933281777402,Ranging
2022-12-29,18191.0,18191.0,18229.69921875,17992.80078125,18045.69921875,281100,18377.755078125,18249.6019921875,205.103515625,21.847044914356115,Ranging
2022-12-30,18105.30078125,18105.30078125,18265.25,18080.30078125,18259.099609375,192000,18348.21513671875,18261.4630078125,205.75334821428572,21.79440141780049,Ranging
2023-01-02,18197.44921875,18197.44921875,18215.150390625,18086.5,18131.69921875,256100,18323.03505859375,18274.1330078125,205.86760602678572,22.825708665869076,Ranging
2023-01-03,18232.55078125,18232.55078125,18251.94921875,18149.80078125,18163.19921875,208700,18302.52509765625,18287.2580078125,208.64969308035714,24.729632761915628,Ranging
2023-01-23,18118.55078125,18118.55078125,18162.599609375,18063.44921875,18118.44921875,202500,18048.45244140625,18279.2569921875,185.16448102678572,25.796960955394855,Ranging
2023-01-24,18118.30078125,18118.30078125,18201.25,18078.650390625,18183.94921875,216900,18047.75244140625,18273.555,178.03585379464286,23.87784531266569,Ranging
2023-01-25,17891.94921875,17891.94921875,18100.599609375,17846.150390625,18093.349609375,257200,18036.22490234375,18263.2009765625,179.94642857142858,22.56929223131691,Ranging
2023-01-27,17604.349609375,17604.349609375,17884.75,17493.55078125,17877.19921875,476300,18006.8923828125,18248.4099609375,189.89997209821428,21.559730242905154,Ranging
2023-01-30,17648.94921875,17648.94921875,17709.150390625,17405.55078125,17541.94921875,432400,17984.0748046875,18235.2359375,196.92494419642858,22.36012511024066,Ranging
2023-01-31,17662.150390625,17662.150390625,17735.69921875,17537.55078125,17731.44921875,398300,17957.30986328125,18225.2799609375,191.67843191964286,21.857632605452807,Ranging
2023-02-01,17616.30078125,17616.30078125,17972.19921875,17353.400390625,17811.599609375,512900,17926.49736328125,18212.7219921875,225.02120535714286,20.56223715090223,Ranging
2023-02-02,17610.400390625,17610.400390625,17653.900390625,17445.94921875,17517.099609375,490100,17904.869921875,18199.585,226.72126116071428,18.907507934887864,Ranging
2023-02-03,17854.05078125,17854.05078125,17870.30078125,17584.19921875,17721.75,424100,17897.96494140625,18186.9840234375,231.07854352678572,18.324597628678845,Ranging
2023-02-06,17764.599609375,17764.599609375,17823.69921875,17698.349609375,17818.55078125,282500,17893.2224609375,18172.021015625,226.03208705357142,16.661385709269343,Ranging
2023-02-07,17721.5,17721.5,17811.150390625,17652.55078125,17790.099609375,354400,17874.2375,18155.196015625,224.13909040178572,15.33285155577612,Ranging
2023-02-08,17871.69921875,17871.69921875,17898.69921875,17744.150390625,17750.30078125,291000,17872.11494140625,18140.268984375,224.37109375,16.3308076642258,Ranging
2023-02-09,17893.44921875,17893.44921875,17916.900390625,17779.80078125,17885.5,260900,17872.00244140625,18122.9709765625,227.6318359375,15.687938438079518,Ranging
2023-02-10,17856.5,17856.5,17876.94921875,17801.0,17847.55078125,232000,17871.91748046875,18103.8509765625,223.82463727678572,14.917442428821387,Ranging
2023-02-13,17770.900390625,17770.900390625,17880.69921875,17719.75,17859.099609375,231300,17862.63251953125,18085.3469921875,228.23883928571428,13.309922278279812,Ranging
2023-02-14,17929.849609375,17929.849609375,17954.55078125,17800.05078125,17840.349609375,244500,17864.38251953125,18069.92296875,230.51743861607142,13.00786602928945,Ranging
2023-02-15,18015.849609375,18015.849609375,18034.099609375,17853.80078125,17896.599609375,229300,17862.5099609375,18057.3849609375,225.22098214285714,14.202870562162172,Ranging
2023-02-16,18035.849609375,18035.849609375,18134.75,18000.650390625,18094.75,230200,17856.0349609375,18046.891953125,206.85672433035714,18.082938507181925,Ranging
2023-02-17,17944.19921875,17944.19921875,18034.25,17884.599609375,17974.849609375,208100,17847.85244140625,18033.5889453125,195.8603515625,19.53029201717162,Ranging
2023-02-20,17844.599609375,17844.599609375,18004.349609375,17818.400390625,17965.55078125,174600,17838.69990234375,18020.5489453125,194.98897879464286,20.53188683957961,Ranging
2023-02-21,17826.69921875,17826.69921875,17924.900390625,17800.30078125,17905.80078125,198200,17824.10732421875,18007.139921875,159.68903459821428,21.74049410310351,Ranging
2023-02-22,17554.30078125,17554.30078125,17772.5,17529.44921875,17755.349609375,204000,17795.90732421875,17986.0659375,162.19614955357142,21.685602210598034,Ranging
2023-02-23,17511.25,17511.25,17620.05078125,17455.400390625,17574.650390625,240800,17776.87236328125,17963.084921875,153.52106584821428,22.513867847055597,Ranging
2023-02-24,17465.80078125,17465.80078125,17599.75,17421.80078125,17591.349609375,209400,17769.944921875,17944.1029296875,157.27818080357142,23.919253041836328,Ranging
2023-02-27,17392.69921875,17392.69921875,17451.599609375,17299.0,17428.599609375,246400,17757.132421875,17926.5769140625,156.849609375,25.180048470792176,Ranging
2023-04-26,17813.599609375,17813.599609375,17827.75,17711.19921875,17767.30078125,233000,17521.2201171875,17503.718046875,128.90011160714286,61.03725909177907,Trending
2023-04-27,17915.05078125,17915.05078125,17931.599609375,17797.900390625,17813.099609375,241400,17569.7201171875,17504.150078125,126.46065848214286,63.59315710584706,Trending
2023-04-28,18065.0,18065.0,18089.150390625,17885.30078125,17950.400390625,290300,17623.68515625,17508.320078125,131.31780133928572,65.63056296767128,Trending
2023-05-02,18147.650390625,18147.650390625,18180.25,18101.75,18124.80078125,265200,17683.48271484375,17515.855078125,130.05705915178572,66.76012793123216,Trending
2023-05-03,18089.849609375,18089.849609375,18116.349609375,18042.400390625,18113.80078125,226200,17733.940234375,17519.055078125,128.65345982142858,66.65360000033542,Trending
2023-05-04,18255.80078125,18255.80078125,18267.44921875,18066.69921875,18081.0,226600,17778.7427734375,17523.8541015625,135.24274553571428,65.48090752576694,Trending
2023-05-05,18069.0,18069.0,18216.94921875,18055.44921875,18117.30078125,239700,17812.290234375,17524.517109375,138.74274553571428,64.22810411875473,Trending
2023-05-08,18264.400390625,18264.400390625,18286.94921875,18100.30078125,18120.599609375,228400,17847.65771484375,17530.9211328125,131.435546875,65.41714737257529,Trending
2023-05-09,18265.94921875,18265.94921875,18344.19921875,18229.650390625,18303.400390625,245400,17880.99765625,17539.348125,128.44614955357142,65.23324162395873,Trending
2023-05-10,18315.099609375,18315.099609375,18326.75,18211.94921875,18313.599609375,220500,17915.55009765625,17549.1161328125,130.48186383928572,64.72204134926169,Trending
2023-05-11,18297.0,18297.0,18389.69921875,18270.400390625,18357.80078125,248900,17944.28505859375,17563.9701171875,131.85323660714286,64.28347637027461,Trending
2023-05-12,18314.80078125,18314.80078125,18342.75,18194.55078125,18273.75,241700,17969.405078125,17580.0411328125,134.63532366071428,63.96951986623814,Trending
2023-05-15,18398.849609375,18398.849609375,18458.900390625,18287.900390625,18339.30078125,216100,17997.94755859375,17598.702109375,136.70675223214286,63.5608246103241,Trending
2023-05-16,18286.5,18286.5,18432.349609375,18264.349609375,18432.349609375,219500,18026.930078125,17616.578125,142.2353515625,62.780538970131275,Trending
2023-05-17,18181.75,18181.75,18309.0,18115.349609375,18300.44921875,229900,18053.01005859375,17634.134140625,147.74246651785714,60.83452615009583,Trending
2023-05-18,18129.94921875,18129.94921875,18297.19921875,18104.849609375,18287.5,272100,18078.57001953125,17647.7151171875,151.93178013392858,58.3211130647764,Trending
2023-05-19,18203.400390625,18203.400390625,18218.099609375,18060.400390625,18186.150390625,260900,18107.517578125,17665.3451171875,148.63532366071428,54.647914566116036,Trending
2023-05-22,18314.400390625,18314.400390625,18335.25,18178.849609375,18201.099609375,262600,18142.03505859375,17679.7461328125,154.19963727678572,50.855773563441524,Trending
2023-05-23,18348.0,18348.0,18419.75,18324.19921875,18362.900390625,270400,18172.2650390625,17692.4771484375,155.74260602678572,49.806953889693,Trending
2023-05-24,18285.400390625,18285.400390625,18392.599609375,18262.94921875,18294.80078125,232600,18198.07255859375,17703.0971484375,150.6640625,47.405981450972206,Trending
2023-05-25,18321.150390625,18321.150390625,18338.099609375,18202.400390625,18268.900390625,235900,18223.45009765625,17717.7281640625,148.82114955357142,44.6655645794763,Trending
2023-05-26,18499.349609375,18499.349609375,18508.55078125,18333.150390625,18368.349609375,198700,18252.6650390625,17739.4571484375,148.01771763392858,41.305984603698434,Trending
2023-05-29,18598.650390625,18598.650390625,18641.19921875,18581.25,18619.150390625,265300,18279.34755859375,17768.344140625,144.11774553571428,38.51212450336915,Trending
2023-05-30,18633.849609375,18633.849609375,18662.44921875,18575.5,18606.650390625,234400,18303.65751953125,17800.1551171875,142.12834821428572,35.72536420513508,Trending
2023-05-31,18534.400390625,18534.400390625,18603.900390625,18483.849609375,18594.19921875,696500,18325.88505859375,17831.4001171875,142.18205915178572,31.732039457466055,Trending
2023-06-01,18487.75,18487.75,18580.30078125,18464.55078125,18579.400390625,265600,18337.48251953125,17861.443125,139.8642578125,28.52074893537713,Trending
2023-06-02,18534.099609375,18534.099609375,18573.69921875,18478.400390625,18550.849609375,270900,18360.7375,17890.1241015625,134.45703125,24.631210658125497,Ranging
2023-06-05,18593.849609375,18593.849609375,18640.150390625,18582.80078125,18612.0,256100,18377.2099609375,17922.2330859375,126.55343191964286,21.943671354706655,Ranging
2023-06-06,18599.0,18599.0,18622.75,18531.599609375,18600.80078125,220800,18393.8625,17952.0630859375,119.23200334821429,20.773849422344693,Ranging
2023-06-07,18726.400390625,18726.400390625,18738.94921875,18636.0,18665.599609375,260100,18414.4275390625,17983.5530859375,112.84626116071429,20.854204505122514,Ranging
2023-06-08,18634.55078125,18634.55078125,18777.900390625,18615.599609375,18725.349609375,286500,18431.305078125,18014.70609375,113.17494419642857,22.494888918130446,Ranging
2023-06-09,18563.400390625,18563.400390625,18676.650390625,18555.400390625,18655.900390625,221800,18443.73505859375,18047.0730859375,110.66420200892857,23.052069885595387,Ranging
2023-06-12,18601.5,18601.5,18633.599609375,18559.75,18595.05078125,179500,18453.867578125,18079.3891015625,109.11411830357143,21.50970631009617,Ranging
2023-06-13,18716.150390625,18716.150390625,18728.900390625,18631.80078125,18631.80078125,233200,18475.35009765625,18114.678125,106.7890625,22.552884114011587,Ranging
2023-06-14,18755.900390625,18755.900390625,18769.69921875,18690.0,18744.599609375,261400,18504.0576171875,18148.1821484375,102.7890625,25.102948566147,Ranging
2023-06-15,18688.099609375,18688.099609375,18794.099609375,18669.05078125,18774.44921875,263000,18531.96513671875,18174.749140625,99.19252232142857,26.67790622495166,Trending
2023-06-16,18826.0,18826.0,18864.69921875,18710.5,18723.30078125,272800,18563.0951171875,18203.308125,105.92466517857143,27.50556118495025,Trending
2023-06-19,18755.44921875,18755.44921875,18881.44921875,18719.150390625,18873.30078125,219800,18585.14755859375,18227.27609375,111.30678013392857,27.85378058154557,Trending
2023-06-20,18816.69921875,18816.69921875,18839.69921875,18660.650390625,18752.349609375,211600,18608.58251953125,18251.6270703125,115.52092633928571,29.828456193824994,Trending
2023-06-21,18856.849609375,18856.849609375,18875.900390625,18794.849609375,18849.400390625,217500,18637.15498046875,18276.283046875,113.04241071428571,32.081533721786364,Trending
2023-06-22,18771.25,18771.25,18886.599609375,18759.5,18853.599609375,252700,18659.6599609375,18297.26203125,115.31389508928571,34.51870653757911,Trending
2023-06-23,18665.5,18665.5,18756.400390625,18647.099609375,18741.849609375,210600,18667.96748046875,18314.3240234375,119.02469308035714,34.24721763083154,Trending
2023-06-26,18691.19921875,18691.19921875,18722.05078125,18646.69921875,18682.349609375,171300,18672.594921875,18331.5880078125,117.89620535714286,34.564054050323676,Trending
2023-06-27,18817.400390625,18817.400390625,18829.25,18714.25,18748.55078125,222500,18681.7724609375,18353.7990234375,118.75697544642857,34.16705670478224,Trending
2023-06-28,18972.099609375,18972.099609375,19011.25,18861.349609375,18908.150390625,398800,18703.657421875,18380.0380078125,117.87123325892857,33.859134757401094,Trending
2023-06-30,19189.05078125,19189.05078125,19201.69921875,19024.599609375,19076.849609375,247900,18738.7224609375,18411.4440234375,121.86049107142857,36.0211744278783,Trending
2023-07-03,19322.55078125,19322.55078125,19345.099609375,19234.400390625,19246.5,226100,18778.14501953125,18445.4060546875,124.49260602678571,39.09464300050424,Trending
2023-07-04,19389.0,19389.0,19434.150390625,19300.0,19406.599609375,226900,18817.9025390625,18480.7050390625,127.13909040178571,40.87767758284638,Trending
2023-07-05,19398.5,19398.5,19421.599609375,19339.599609375,19405.94921875,224400,18857.8775390625,18513.80703125,127.30343191964286,41.37343748821286,Trending
2023-07-06,19497.30078125,19497.30078125,19512.19921875,19373.0,19385.69921875,268300,18896.42255859375,18548.368046875,128.31417410714286,42.523594755011025,Trending
2023-07-07,19331.80078125,19331.80078125,19523.599609375,19303.599609375,19422.80078125,237100,18931.28505859375,18578.7320703125,133.01422991071428,43.40267121027047,Trending
2023-07-10,19355.900390625,19355.900390625,19435.849609375,19327.099609375,19400.349609375,268200,18970.91005859375,18607.5490625,129.18931361607142,44.68656888981359,Trending
2023-07-11,19439.400390625,19439.400390625,19515.099609375,19406.44921875,19427.099609375,251300,19012.805078125,18635.0370703125,124.16085379464286,46.20243265874408,Trending
2023-07-12,19384.30078125,19384.30078125,19507.69921875,19361.75,19497.44921875,327900,19046.21259765625,18659.770078125,128.79645647321428,46.34704853632785,Trending
2023-07-13,19413.75,19413.75,19567.0,19385.80078125,19495.19921875,310400,19079.105078125,18686.2480859375,132.66071428571428,47.58345166424936,Trending
2023-07-14,19564.5,19564.5,19595.349609375,19433.5,19493.44921875,291200,19122.92509765625,18712.4220703125,136.41420200892858,52.59794630624837,Trending
2023-07-17,19711.44921875,19711.44921875,19731.849609375,19562.94921875,19612.150390625,268700,19167.19755859375,18745.2710546875,143.09626116071428,56.888210166913275,Trending
2023-07-18,19749.25,19749.25,19819.44921875,19690.19921875,19787.5,286400,19216.88759765625,18774.968046875,144.11411830357142,61.21741285862703,Trending
2023-07-19,19833.150390625,19833.150390625,19851.69921875,19727.44921875,19802.94921875,259700,19267.71015625,18806.3120703125,142.28194754464286,64.85217997034216,Trending
2023-07-20,19979.150390625,19979.150390625,19991.849609375,19758.400390625,19831.69921875,274700,19323.8251953125,18839.5930859375,146.30691964285714,67.10314352042755,Trending
2023-07-21,19745.0,19745.0,19887.400390625,19700.0,19800.44921875,312500,19372.5126953125,18868.5530859375,151.78557477678572,68.31321085087356,Trending
2023-07-24,19672.349609375,19672.349609375,19782.75,19658.30078125,19748.44921875,265600,19422.85517578125,18895.7040625,151.09263392857142,68.43540678078405,Trending
2023-07-25,19680.599609375,19680.599609375,19729.349609375,19615.94921875,19729.349609375,369700,19472.3251953125,18921.3390625,153.33551897321428,68.13050474897088,Trending
2023-07-26,19778.30078125,19778.30078125,19825.599609375,19716.69921875,19733.349609375,244700,19520.37021484375,18951.175078125,151.17131696428572,67.6245568519328,Trending
2023-07-27,19659.900390625,19659.900390625,19867.55078125,19603.55078125,19850.900390625,334900,19554.76025390625,18980.7380859375,154.31417410714286,67.57485692320715,Trending
2023-07-28,19646.05078125,19646.05078125,19695.900390625,19563.099609375,19659.75,258700,19577.61025390625,19011.0601171875,156.03208705357142,66.32194695242364,Trending
2023-07-31,19753.80078125,19753.80078125,19772.75,19597.599609375,19666.349609375,295100,19599.17275390625,19042.068125,160.78208705357142,64.25521535535846,Trending
2023-08-01,19733.55078125,19733.55078125,19795.599609375,19704.599609375,19784.0,298000,19616.40029296875,19070.4511328125,156.85714285714286,63.60124064390016,Trending
2023-08-02,19526.55078125,19526.55078125,19678.25,19423.55078125,19655.400390625,290700,19622.80283203125,19094.0221484375,162.10714285714286,60.68412252187606,Trending
2023-08-03,19381.650390625,19381.650390625,19537.650390625,19296.44921875,19463.75,315700,19617.0203125,19115.9471484375,167.77511160714286,55.16479000273943,Trending
2023-08-04,19517.0,19517.0,19538.849609375,19436.44921875,19462.80078125,280800,19626.2802734375,19139.864140625,163.02511160714286,49.09340180384654,Trending
2023-08-07,19597.30078125,19597.30078125,19620.44921875,19524.80078125,19576.849609375,216600,19638.35029296875,19161.8231640625,160.625,42.90033531030609,Trending
2023-08-08,19570.849609375,19570.849609375,19634.400390625,19533.099609375,19627.19921875,260300,19644.92275390625,19181.2671484375,158.98577008928572,36.951763057171924,Trending
2023-08-09,19632.55078125,19632.55078125,19645.5,19467.5,19578.80078125,266500,19657.33525390625,19201.241171875,155.02511160714286,32.25601405631979,Trending
2023-08-10,19543.099609375,19543.099609375,19623.599609375,19495.400390625,19605.55078125,312200,19663.802734375,19221.41515625,150.79645647321428,28.318662614199038,Trending
2023-08-11,19428.30078125,19428.30078125,19557.75,19412.75,19554.25,235500,19656.9927734375,19240.226171875,152.26436941964286,25.74014401817317,Ranging
2023-08-14,19434.55078125,19434.55078125,19465.849609375,19257.900390625,19383.94921875,243900,19643.1478515625,19258.2351953125,159.01785714285714,24.222641451364144,Ranging
2023-08-16,19465.0,19465.0,19482.75,19317.19921875,19369.0,0,19628.9353515625,19275.658203125,163.06431361607142,23.650567287110317,Ranging
2023-08-17,19365.25,19365.25,19461.55078125,19326.25,19450.55078125,268700,19605.54033203125,19290.983203125,153.87151227678572,22.887743146276726,Ranging
2023-08-18,19310.150390625,19310.150390625,19373.80078125,19253.599609375,19301.75,256100,19572.09033203125,19302.658203125,152.97154017857142,23.30571659828201,Ranging
2023-08-21,19393.599609375,19393.599609375,19425.94921875,19296.30078125,19320.650390625,262600,19554.5203125,19317.8391796875,149.72140066964286,23.841316501314687,Ranging
2023-08-22,19396.44921875,19396.44921875,19443.5,19381.30078125,19417.099609375,208700,19540.72529296875,19334.50015625,147.66420200892858,23.611542126014374,Ranging
2023-08-23,19444.0,19444.0,19472.05078125,19366.599609375,19439.19921875,225200,19528.8953125,19351.35015625,137.00362723214286,23.59660121509586,Ranging
2023-08-24,19386.69921875,19386.69921875,19584.44921875,19369.0,19535.150390625,268300,19509.315234375,19364.7611328125,135.16420200892858,23.153615134508787,Ranging
2023-08-25,19265.80078125,19265.80078125,19339.55078125,19229.69921875,19297.400390625,466500,19489.61025390625,19374.959140625,135.69642857142858,23.932253749003483,Ranging
2023-08-28,19306.05078125,19306.05078125,19366.849609375,19249.69921875,19298.349609375,248200,19472.61025390625,19387.3181640625,137.23228236607142,25.7687287198431,Ranging
2023-08-29,19342.650390625,19342.650390625,19377.900390625,19309.099609375,19374.849609375,307400,19452.052734375,19397.651171875,134.91085379464286,27.42804728335992,Trending
2023-08-30,19347.44921875,19347.44921875,19452.80078125,19334.75,19433.44921875,233000,19432.74765625,19409.491171875,130.62876674107142,26.392518516734803,Trending
2023-08-31,19253.80078125,19253.80078125,19388.19921875,19223.650390625,19375.55078125,562600,19419.11015625,19418.233203125,133.22516741071428,25.877796424939266,Ranging
2023-09-01,19435.30078125,19435.30078125,19458.55078125,19255.69921875,19258.150390625,333000,19421.79267578125,19429.8022265625,137.357421875,24.277484727421943,Ranging
2023-09-04,19528.80078125,19528.80078125,19545.150390625,19432.849609375,19525.05078125,296800,19422.38271484375,19444.9532421875,130.525390625,24.201370708369307,Ranging
2023-09-05,19574.900390625,19574.900390625,19587.05078125,19525.75,19564.650390625,256800,19421.2626953125,19463.14125,123.07896205357143,23.640218431382543,Ranging
2023-09-06,19611.05078125,19611.05078125,19636.44921875,19491.5,19581.19921875,287600,19423.27275390625,19481.53828125,123.76813616071429,23.63659466297459,Ranging
2023-09-07,19727.05078125,19727.05078125,19737.0,19550.05078125,19598.650390625,304900,19427.99775390625,19499.7312890625,128.53585379464286,24.608598566150825,Ranging
2023-09-08,19819.94921875,19819.94921875,19867.150390625,19727.05078125,19774.80078125,288100,19441.840234375,19516.68828125,129.28236607142858,25.75037562602469,Ranging
2023-09-15,20192.349609375,20192.349609375,20222.44921875,20129.69921875,20156.44921875,438200,19609.4275390625,19587.8601953125,136.29310825892858,42.63472921842312,Trending
2023-09-18,20133.30078125,20133.30078125,20195.349609375,20115.69921875,20155.94921875,264900,19646.41259765625,19603.8901953125,137.06808035714286,46.2189720704274,Trending
2023-09-20,19901.400390625,19901.400390625,20050.650390625,19878.849609375,19980.75,378100,19671.66015625,19614.8001953125,140.90736607142858,49.59827347676059,Trending
2023-09-21,19742.349609375,19742.349609375,19848.75,19709.94921875,19840.55078125,275100,19686.57763671875,19620.8591796875,139.06821986607142,52.13303339798191,Trending
2023-09-22,19674.25,19674.25,19798.650390625,19657.5,19744.849609375,246400,19700.95517578125,19626.6581640625,134.66099330357142,54.85172503802115,Trending
2023-09-25,19674.55078125,19674.55078125,19734.150390625,19601.55078125,19678.19921875,188400,19721.39267578125,19631.8741796875,136.11090959821428,54.703547685509946,Trending
2023-09-26,19664.69921875,19664.69921875,19699.349609375,19637.44921875,19682.80078125,204900,19739.32509765625,19633.8781640625,136.15373883928572,53.02625618780926,Trending
2023-09-27,19716.44921875,19716.44921875,19730.69921875,19554.0,19637.05078125,203600,19758.0150390625,19633.9781640625,138.42159598214286,50.587350165731756,Trending
2023-09-28,19523.55078125,19523.55078125,19766.650390625,19492.099609375,19761.80078125,352800,19766.8201171875,19629.4641796875,144.67885044642858,47.81965945170811,Trending
2023-09-29,19638.30078125,19638.30078125,19726.25,19551.05078125,19581.19921875,243500,19786.0451171875,19625.5671875,147.18596540178572,46.689315122130644,Trending
2023-10-03,19528.75,19528.75,19623.19921875,19479.650390625,19622.400390625,221700,19790.717578125,19616.5591796875,147.23939732142858,47.41272746610523,Trending
2023-10-04,19436.099609375,19436.099609375,19457.80078125,19333.599609375,19446.30078125,277100,19786.08251953125,19610.381171875,142.13239397321428,49.681693174602934,Trending
2023-10-05,19545.75,19545.75,19576.94921875,19487.30078125,19521.849609375,234900,19784.625,19607.8491796875,137.62151227678572,49.96323343733809,Trending
2023-10-06,19653.5,19653.5,19675.75,19589.400390625,19621.19921875,159100,19786.7474609375,19607.3071875,134.91782924107142,48.217304272876454,Trending
2023-10-09,19512.349609375,19512.349609375,19588.94921875,19480.5,19539.44921875,165100,19776.01240234375,19601.9881640625,136.03920200892858,47.581232213484896,Trending
2023-10-10,19689.849609375,19689.849609375,19717.80078125,19565.44921875,19565.599609375,216600,19769.507421875,19602.5871484375,141.23214285714286,46.06228591087869,Trending
2023-10-11,19811.349609375,19811.349609375,19839.19921875,19756.94921875,19767.0,213700,19760.257421875,19605.893125,134.83565848214286,44.37985121968544,Trending
2023-10-12,19794.0,19794.0,19843.30078125,19772.650390625,19822.69921875,217900,19750.2974609375,19606.697109375,129.9677734375,42.108507138546074,Trending
2023-10-13,19751.05078125,19751.05078125,19805.400390625,19635.30078125,19654.55078125,255000,19734.35,19607.047109375,132.03557477678572,40.924210719645444,Trending
2023-10-16,19731.75,19731.75,19781.30078125,19691.849609375,19737.25,181000,19715.78251953125,19611.15109375,128.95354352678572,40.75600975403736,Trending
2023-10-17,19811.5,19811.5,19849.75,19775.650390625,19843.19921875,185800,19696.7400390625,19619.7480859375,129.82491629464286,40.111474411627015,Trending
2023-10-18,19671.099609375,19671.099609375,19840.94921875,19659.94921875,19820.44921875,198900,19673.62998046875,19622.830078125,130.13211495535714,40.25988355349171,Trending
2023-10-19,19624.69921875,19624.69921875,19681.80078125,19512.349609375,19545.19921875,230300,19659.794921875,19623.378046875,122.625,40.10036621541999,Trending
2023-10-20,19542.650390625,19542.650390625,19593.80078125,19518.69921875,19542.150390625,198300,19649.8099609375,19622.8140625,115.47516741071429,37.799637859914945,Trending
2023-10-23,19281.75,19281.75,19556.849609375,19257.849609375,19521.599609375,176000,19630.1849609375,19615.798046875,126.57882254464286,33.80624997454895,Trending
2023-10-27,19047.25,19047.25,19076.150390625,18926.650390625,18928.75,205200,19528.73251953125,19588.21203125,149.88602120535714,25.40521559224299,Ranging
2023-10-30,19140.900390625,19140.900390625,19158.5,18940.0,19053.400390625,180100,19509.6,19581.7300390625,157.74679129464286,22.568486884805605,Ranging
2023-10-31,19079.599609375,19079.599609375,19233.69921875,19056.44921875,19232.94921875,206000,19481.66494140625,19576.01703125,159.52525111607142,21.238664254150088,Ranging
2023-11-01,18989.150390625,18989.150390625,19096.05078125,18973.69921875,19064.05078125,194100,19454.6849609375,19569.59703125,162.3896484375,23.413773739570217,Ranging
2023-11-02,19133.25,19133.25,19175.25,19064.150390625,19120.0,245600,19439.54248046875,19564.3900390625,165.27887834821428,25.86818936219896,Ranging
2023-11-06,19411.75,19411.75,19423.0,19309.69921875,19345.849609375,180700,19411.6974609375,19560.428046875,159.50027901785714,25.685803292979664,Ranging
2023-11-30,20133.150390625,20133.150390625,20158.69921875,20015.849609375,20108.5,486600,19602.84990234375,19591.0299609375,116.46791294642857,52.344053617296474,Trending
2023-12-01,20267.900390625,20267.900390625,20291.55078125,20183.69921875,20194.099609375,265800,19666.78740234375,19592.5409765625,118.06082589285714,57.597956171209994,Trending
2023-12-04,20686.80078125,20686.80078125,20702.650390625,20507.75,20601.94921875,381100,19744.46494140625,19603.6109765625,123.27859933035714,63.80993902954642,Trending
2023-12-05,20855.099609375,20855.099609375,20864.05078125,20711.150390625,20808.900390625,421000,19825.68994140625,19622.6849609375,128.5107421875,69.0299858115881,Trending
2023-12-06,20937.69921875,20937.69921875,20961.94921875,20852.150390625,20950.75,359200,19901.98740234375,19646.591953125,128.24288504464286,72.78693397984458,Trending
2023-12-07,20901.150390625,20901.150390625,20941.25,20850.80078125,20932.400390625,275000,19976.7099609375,19671.1299609375,116.97140066964286,74.79287033066751,Trending
2023-12-08,20969.400390625,20969.400390625,21006.099609375,20862.69921875,20934.099609375,292400,20053.00498046875,19697.026953125,117.31780133928571,75.88399614205822,Trending
2023-12-11,20997.099609375,20997.099609375,21026.099609375,20923.69921875,20965.30078125,212900,20133.094921875,19723.6749609375,118.49288504464286,77.02214897940964,Trending
2023-12-12,20906.400390625,20906.400390625,21037.900390625,20867.150390625,21018.55078125,244900,20207.1474609375,19747.473984375,125.32868303571429,77.47385298020116,Trending
2023-12-13,20926.349609375,20926.349609375,20950.0,20769.5,20929.75,260300,20281.28740234375,19775.5299609375,129.52859933035714,77.19237596506946,Trending
2023-12-14,21182.69921875,21182.69921875,21210.900390625,21074.44921875,21110.400390625,334400,20356.64990234375,19806.4179296875,132.96079799107142,76.9608598120642,Trending
2023-12-15,21456.650390625,21456.650390625,21492.30078125,21235.30078125,21287.44921875,508800,20441.2224609375,19844.9759375,146.74651227678572,78.16782596410687,Trending
2023-12-18,21418.650390625,21418.650390625,21482.80078125,21365.349609375,21434.80078125,249700,20525.56494140625,19884.626953125,146.78948102678572,79.27539521297828,Trending
2023-12-19,21453.099609375,21453.099609375,21505.05078125,21337.75,21477.650390625,249800,20613.519921875,19922.7739453125,148.14313616071428,79.55448598317108,Trending
2023-12-20,21150.150390625,21150.150390625,21593.0,21087.349609375,21543.5,363900,20681.857421875,19952.706953125,174.05747767857142,79.02718662669562,Trending
2023-12-21,21255.05078125,21255.05078125,21288.349609375,20976.80078125,21033.94921875,277500,20754.01748046875,19987.5609765625,188.60728236607142,76.7986391166029,Trending
2023-12-22,21349.400390625,21349.400390625,21390.5,21232.44921875,21295.849609375,284700,20831.3875,20020.7519921875,185.97516741071428,73.48675955225919,Trending
2023-12-26,21441.349609375,21441.349609375,21477.150390625,21329.44921875,21365.19921875,219500,20913.72001953125,20053.3519921875,185.60379464285714,69.93675940040883,Trending
2023-12-27,21654.75,21654.75,21675.75,21495.80078125,21497.650390625,256500,21001.97255859375,20090.5669921875,190.61453683035714,66.34887980141454,Trending
2023-12-28,21778.69921875,21778.69921875,21801.44921875,21678.0,21715.0,393100,21086.0775390625,20131.1199609375,192.9716796875,63.38745006918892,Trending
2023-12-29,21731.400390625,21731.400390625,21770.30078125,21676.900390625,21737.650390625,270900,21165.9900390625,20171.11296875,189.40025111607142,60.62371473565707,Trending
2024-01-01,21741.900390625,21741.900390625,21834.349609375,21680.849609375,21727.75,154000,21239.6900390625,20209.7209765625,193.05022321428572,58.01464735644846,Trending
2024-01-02,21665.80078125,21665.80078125,21755.599609375,21555.650390625,21751.349609375,263700,21288.6400390625,20249.615,195.13588169642858,55.626750788004856,Trending
2024-01-03,21517.349609375,21517.349609375,21677.0,21500.349609375,21661.099609375,311900,21321.7525390625,20287.4680078125,194.86090959821428,53.76248998911313,Trending
2024-01-04,21658.599609375,21658.599609375,21685.650390625,21564.55078125,21605.80078125,339200,21357.79755859375,20329.7869921875,193.76436941964286,51.25250993198363,Trending
2024-01-05,21710.80078125,21710.80078125,21749.599609375,21629.19921875,21705.75,309300,21398.280078125,20378.3680078125,184.00725446428572,47.85608734836247,Trending
2024-01-08,21513.0,21513.0,21763.94921875,21492.900390625,21747.599609375,231500,21425.46005859375,20426.185,194.978515625,43.912587326893586,Trending
2024-01-09,21544.849609375,21544.849609375,21724.44921875,21517.849609375,21653.599609375,228600,21452.84755859375,20479.9369921875,197.78557477678572,40.84235895492824,Trending
2024-01-10,21618.69921875,21618.69921875,21641.849609375,21448.650390625,21529.30078125,217000,21488.4625,20531.3659765625,175.46763392857142,38.890948150448544,Trending
2024-01-11,21647.19921875,21647.19921875,21726.5,21593.75,21688.0,212500,21524.50498046875,20581.491953125,162.6962890625,38.89049625523529,Trending
2024-01-12,21894.55078125,21894.55078125,21928.25,21715.150390625,21773.55078125,294700,21560.09755859375,20637.7909765625,166.62834821428572,39.104844354107044,Trending
2024-01-15,22097.44921875,22097.44921875,22115.55078125,21963.55078125,22053.150390625,345500,21592.1375,20699.956953125,166.93540736607142,39.67333954574895,Trending
2024-01-16,22032.30078125,22032.30078125,22124.150390625,21969.80078125,22080.5,292400,21622.82001953125,20757.93796875,165.10686383928572,39.77188410015971,Trending
2024-01-17,21571.94921875,21571.94921875,21851.5,21550.44921875,21647.25,456000,21628.7625,20804.7649609375,177.79268973214286,37.21769801802903,Trending
2024-01-18,21462.25,21462.25,21539.400390625,21285.55078125,21414.19921875,387300,21644.36748046875,20845.7749609375,189.25334821428572,34.30891227866908,Trending
2024-01-19,21622.400390625,21622.400390625,21670.599609375,21575.0,21615.19921875,343100,21662.7349609375,20890.088984375,185.11760602678572,31.047697498237948,Trending
2024-01-23,21238.80078125,21238.80078125,21750.25,21192.599609375,21716.69921875,449700,21657.20498046875,20925.995,210.66768973214286,28.268274439858214,Trending
2024-01-24,21453.94921875,21453.94921875,21482.349609375,21137.19921875,21185.25,407500,21657.8349609375,20967.16796875,222.70340401785714,25.189271493233736,Ranging
2024-01-25,21352.599609375,21352.599609375,21459.0,21247.05078125,21454.599609375,418100,21642.72744140625,21005.71296875,229.19266183035714,22.655118656839104,Ranging
2024-01-29,21737.599609375,21737.599609375,21763.25,21429.599609375,21433.099609375,376700,21640.6724609375,21051.5939453125,244.4248046875,20.474071344082745,Ranging
2024-01-30,21522.099609375,21522.099609375,21813.05078125,21501.80078125,21775.75,375100,21630.207421875,21088.526953125,247.29631696428572,19.704053966160238,Ranging
2024-01-31,21725.69921875,21725.69921875,21741.349609375,21448.849609375,21487.25,410600,21629.39736328125,21127.736953125,253.43205915178572,18.178948749614307,Ranging
2024-02-01,21697.44921875,21697.44921875,21832.94921875,21658.75,21780.650390625,332500,21630.97978515625,21167.049921875,252.07491629464286,17.329628301460662,Ranging
2024-02-02,21853.80078125,21853.80078125,22126.80078125,21805.55078125,21812.75,442800,21647.80234375,21210.2459375,265.53920200892856,15.48884968090476,Ranging
2024-02-05,21771.69921875,21771.69921875,21964.30078125,21726.94921875,21921.05078125,440800,21653.45732421875,21250.0119140625,267.271484375,12.56755195708004,Ranging
2024-02-06,21929.400390625,21929.400390625,21951.400390625,21737.55078125,21825.19921875,371000,21664.3873046875,21292.3629296875,271.68931361607144,9.604552397014542,Ranging
2024-02-07,21930.5,21930.5,22053.30078125,21860.150390625,22045.05078125,346300,21685.2623046875,21334.9329296875,274.46079799107144,6.687500472377474,Ranging
2024-02-08,21717.94921875,21717.94921875,22011.05078125,21665.30078125,22009.650390625,491100,21693.91728515625,21373.3979296875,277.65359933035717,6.26742276568502,Ranging
2024-02-09,21782.5,21782.5,21804.44921875,21629.900390625,21727.0,349200,21702.10732421875,21411.2539453125,271.9892578125,7.513412904207221,Ranging
2024-02-12,21616.05078125,21616.05078125,21831.69921875,21574.75,21800.80078125,287400,21700.54990234375,21441.64296875,283.5142299107143,7.860566972846486,Ranging
2024-02-13,21743.25,21743.25,21766.80078125,21543.349609375,21664.30078125,365800,21692.98486328125,21473.8449609375,259.64285714285717,9.103540629772978,Ranging
2024-02-14,21840.05078125,21840.05078125,21870.849609375,21530.19921875,21578.150390625,359100,21680.11494140625,21505.28796875,259.32142857142856,11.03408281604507,Ranging
2024-02-15,21910.75,21910.75,21953.849609375,21794.80078125,21906.55078125,345400,21674.03740234375,21529.766953125,255.54282924107142,13.615635541067045,Ranging
2024-02-16,22040.69921875,22040.69921875,22068.650390625,21968.94921875,22020.30078125,343900,21697.47490234375,21553.4789453125,238.83217075892858,16.125653743843625,Ranging
2024-02-19,22122.25,22122.25,22186.650390625,22021.05078125,22103.44921875,0,21730.47490234375,21577.1699609375,228.42857142857142,18.3509916116114,Ranging
2024-02-20,22196.94921875,22196.94921875,22215.599609375,22045.849609375,22099.19921875,295700,21759.20234375,21603.0859375,219.66071428571428,21.381522448655833,Ranging
2024-02-21,22055.05078125,22055.05078125,22249.400390625,21997.94921875,22248.849609375,364500,21800.01484375,21624.7989453125,225.1787109375,22.77705488683441,Ranging
2024-02-22,22217.44921875,22217.44921875,22252.5,21875.25,22081.55078125,343500,21838.18984375,21649.2059375,229.1787109375,22.86398489177305,Ranging
2024-02-23,22212.69921875,22212.69921875,22297.5,22186.099609375,22290.0,226000,21881.19482421875,21675.3319140625,220.18219866071428,25.024762153247966,Ranging
2024-02-26,22122.05078125,22122.05078125,22202.150390625,22075.150390625,22169.19921875,207800,21900.4173828125,21699.2459375,213.97865513392858,25.646260184151355,Ranging
2024-02-27,22198.349609375,22198.349609375,22218.25,22085.650390625,22090.19921875,252200,21934.2298828125,21719.5589453125,209.65359933035714,26.270026645168794,Trending
2024-02-28,21951.150390625,21951.150390625,22229.150390625,21915.849609375,22214.099609375,203000,21945.50244140625,21729.4489453125,207.33579799107142,26.554102112000756,Trending
2024-02-29,21982.80078125,21982.80078125,22060.55078125,21860.650390625,21935.19921875,360200,21959.77001953125,21740.731953125,209.14662388392858,25.687296606051802,Ranging
2024-03-01,22338.75,22338.75,22353.30078125,22047.75,22048.30078125,351500,21984.01748046875,21758.4449609375,212.6181640625,27.075952562690947,Trending
2024-03-04,22405.599609375,22405.599609375,22440.900390625,22358.30078125,22403.5,298800,22015.7125,21783.5539453125,202.55733816964286,28.379064933931716,Trending
2024-03-05,22356.30078125,22356.30078125,22416.900390625,22269.150390625,22371.25,296200,22037.05751953125,21805.5789453125,188.77873883928572,27.940443265479708,Trending
2024-03-06,22474.05078125,22474.05078125,22497.19921875,22224.349609375,22327.5,312300,22064.23505859375,21828.071953125,196.90736607142858,26.67527891268895,Trending
2024-03-07,22493.55078125,22493.55078125,22525.650390625,22430.0,22505.30078125,379900,22103.01513671875,21849.1159765625,196.61802455357142,25.036223698896297,Ranging
2024-03-11,22332.650390625,22332.650390625,22526.599609375,22307.25,22517.5,277900,22130.52265625,21862.673984375,200.45731026785714,22.364054984805524,Ranging
2024-03-12,22335.69921875,22335.69921875,22452.55078125,22256.0,22334.44921875,299200,22166.505078125,21873.813984375,202.37165178571428,19.71663749624361,Ranging
2024-03-13,21997.69921875,21997.69921875,22446.75,21905.650390625,22432.19921875,493300,22179.2275390625,21879.1399609375,223.06082589285714,18.238341948466296,Ranging
2024-03-14,22146.650390625,22146.650390625,22204.599609375,21917.5,21982.55078125,426700,22194.55751953125,21887.2349609375,216.62151227678572,17.698423802327223,Ranging
2024-03-15,22023.349609375,22023.349609375,22120.900390625,21931.69921875,22064.849609375,661500,22200.1875,21894.3859375,222.1787109375,16.605520719916164,Ranging
2024-03-18,22055.69921875,22055.69921875,22123.69921875,21916.55078125,21990.099609375,356300,22200.9375,21905.1529296875,227.90359933035714,16.14562981021337,Ranging
2024-03-19,21817.44921875,21817.44921875,21978.30078125,21793.099609375,21946.44921875,344200,22185.6974609375,21908.329921875,231.66085379464286,16.853797577893037,Ranging
2024-03-20,21839.099609375,21839.099609375,21930.900390625,21710.19921875,21843.900390625,312400,22167.80498046875,21910.8958984375,225.04659598214286,17.353429366028998,Ranging
2024-03-21,22011.94921875,22011.94921875,22080.94921875,21941.30078125,21989.900390625,353200,22165.64990234375,21920.8748828125,220.74288504464286,16.770540352281355,Ranging
2024-03-22,22096.75,22096.75,22180.69921875,21883.30078125,21932.19921875,388700,22159.61494140625,21931.912890625,220.16057477678572,15.673227550258327,Ranging
2024-03-26,22004.69921875,22004.69921875,22073.19921875,21947.55078125,21947.900390625,328400,22149.21494140625,21939.632890625,223.23549107142858,14.675179137156395,Ranging
2024-03-27,22123.650390625,22123.650390625,22193.599609375,22052.849609375,22053.94921875,409100,22149.294921875,21949.1619140625,222.73549107142858,13.688538815080792,Ranging
2024-03-28,22326.900390625,22326.900390625,22516.0,22163.599609375,22163.599609375,410500,22155.7224609375,21957.80890625,228.41768973214286,13.644516537267151,Ranging
2024-04-01,22462.0,22462.0,22529.94921875,22427.75,22455.0,0,22181.26494140625,21965.099921875,228.88546316964286,13.68097596604375,Ranging
2024-04-02,22453.30078125,22453.30078125,22497.599609375,22388.150390625,22458.80078125,289500,22204.78994140625,21973.519921875,221.03543526785714,14.6980834603326,Ranging
2024-04-03,22434.650390625,22434.650390625,22521.099609375,22346.5,22385.69921875,309600,22209.5849609375,21990.7739453125,219.46749441964286,15.280775634081616,Ranging
2024-04-04,22514.650390625,22514.650390625,22619.0,22303.80078125,22592.099609375,401000,22215.0375,22011.821953125,203.33175223214286,17.388295371152463,Ranging
2024-04-05,22513.69921875,22513.69921875,22537.599609375,22427.599609375,22486.400390625,242200,22222.907421875,22029.6479296875,190.68178013392858,18.793293748463704,Ranging
2024-04-08,22666.30078125,22666.30078125,22697.30078125,22550.349609375,22578.349609375,227600,22232.519921875,22058.1979296875,187.66392299107142,20.58656098173861,Ranging
2024-04-09,22642.75,22642.75,22768.400390625,22612.25,22765.099609375,232400,22239.9798828125,22081.9739453125,184.02120535714286,23.7517498197013,Ranging
2024-04-10,22753.80078125,22753.80078125,22775.69921875,22673.69921875,22720.25,276800,22261.03740234375,22109.99796875,178.07826450892858,27.543244745498303,Trending
2024-04-12,22519.400390625,22519.400390625,22726.44921875,22503.75,22677.400390625,357200,22270.2224609375,22125.633984375,178.22098214285714,30.636904561148814,Trending
2024-04-15,22272.5,22272.5,22427.44921875,22259.55078125,22339.05078125,355500,22283.9625,22140.6419921875,180.23883928571428,32.19854726273441,Trending
2024-04-16,22147.900390625,22147.900390625,22213.75,22079.44921875,22125.30078125,317300,22284.025,22149.086015625,168.58900669642858,31.888017995048653,Trending
2024-04-18,21995.849609375,21995.849609375,22326.5,21961.69921875,22212.349609375,456900,22282.65,22155.0540234375,185.67131696428572,31.468792698356925,Trending
2024-04-19,22147.0,22147.0,22179.55078125,21777.650390625,21861.5,362500,22287.2150390625,22160.9180078125,204.32491629464286,33.461606615431705,Trending
2024-04-22,22336.400390625,22336.400390625,22375.650390625,22198.150390625,22336.900390625,279300,22313.16259765625,22172.21203125,191.83203125,34.63714624573506,Trending
2024-04-23,22368.0,22368.0,22447.55078125,22349.44921875,22447.05078125,231500,22339.6076171875,22180.9840234375,191.53934151785714,35.243192805140175,Trending
2024-04-24,22402.400390625,22402.400390625,22476.44921875,22384.0,22421.55078125,235900,22359.13017578125,22190.42203125,190.32505580357142,34.769383040998115,Trending
2024-04-25,22570.349609375,22570.349609375,22625.94921875,22305.25,22316.900390625,475000,22382.81015625,22207.4700390625,200.7607421875,33.44363947063321,Trending
2024-04-26,22419.94921875,22419.94921875,22620.400390625,22385.55078125,22620.400390625,329900,22403.57265625,22220.2190234375,195.021484375,30.567291180466295,Trending
2024-04-29,22643.400390625,22643.400390625,22655.80078125,22441.900390625,22475.55078125,292000,22429.56015625,22240.766015625,202.44294084821428,28.58659420513469,Trending
2024-04-30,22604.849609375,22604.849609375,22783.349609375,22568.400390625,22679.650390625,361900,22443.4576171875,22257.9980078125,207.29994419642858,25.460230489917535,Ranging
2024-05-02,22648.19921875,22648.19921875,22710.5,22567.849609375,22567.849609375,445900,22452.767578125,22274.1609765625,206.33565848214286,21.983873462687797,Ranging
2024-05-03,22475.849609375,22475.849609375,22794.69921875,22348.05078125,22766.349609375,438100,22453.89501953125,22285.46296875,230.95340401785714,17.716543605732177,Ranging
2024-05-06,22442.69921875,22442.69921875,22588.80078125,22409.44921875,22561.599609375,320300,22454.2974609375,22293.50296875,227.85714285714286,13.592156905545798,Ranging
2024-05-07,22302.5,22302.5,22499.05078125,22232.05078125,22489.75,297800,22443.68994140625,22297.10796875,234.93582589285714,12.55555415419869,Ranging
2024-05-08,22302.5,22302.5,22368.650390625,22185.19921875,22231.19921875,277400,22433.12998046875,22299.218984375,238.44656808035714,13.858253960510226,Ranging
2024-05-09,21957.5,21957.5,22307.75,21932.400390625,22224.80078125,331300,22397.68994140625,22297.26796875,239.20005580357142,13.702872584277946,Ranging
2024-05-10,22055.19921875,22055.19921875,22131.30078125,21950.30078125,21990.94921875,265800,22368.31240234375,22294.02296875,223.42145647321428,13.145013329779664,Ranging
2024-05-13,22104.05078125,22104.05078125,22131.650390625,21821.05078125,22027.94921875,278200,22335.82490234375,22291.85,232.92857142857142,10.677371912580707,Ranging
2024-05-14,22217.849609375,22217.849609375,22270.05078125,22081.25,22112.900390625,230200,22320.74736328125,22293.7659765625,239.40708705357142,9.228575150676354,Ranging
2024-05-15,22200.55078125,22200.55078125,22297.55078125,22151.75,22255.599609375,231900,22317.14990234375,22293.81,243.21791294642858,8.338341563735545,Ranging
2024-05-16,22403.849609375,22403.849609375,22432.25,22054.55078125,22319.19921875,368900,22329.94736328125,22302.863984375,247.28934151785714,8.295285748048146,Ranging
2024-05-17,22466.099609375,22466.099609375,22502.150390625,22345.650390625,22415.25,242700,22353.45986328125,22312.5299609375,241.69294084821428,8.378732195314269,Ranging
2024-05-21,22529.05078125,22529.05078125,22591.099609375,22404.55078125,22404.55078125,347600,22372.56240234375,22316.3359765625,239.7392578125,9.038784819256179,Ranging
2024-05-22,22597.80078125,22597.80078125,22629.5,22483.150390625,22576.599609375,290300,22385.632421875,22320.18,234.83928571428572,9.528774490578895,Ranging
2024-05-23,22967.650390625,22967.650390625,22993.599609375,22577.44921875,22614.099609375,369800,22415.61494140625,22332.4069921875,254.375,10.854770528233189,Ranging
2024-05-24,22957.099609375,22957.099609375,23026.400390625,22908.0,22930.75,261900,22443.34990234375,22342.06796875,230.9287109375,12.758448644962444,Ranging
2024-05-27,22932.44921875,22932.44921875,23110.80078125,22871.19921875,23038.94921875,260000,22461.4548828125,22350.8459375,235.23228236607142,15.072862928595855,Ranging
2024-05-28,22888.150390625,22888.150390625,22998.55078125,22858.5,22977.150390625,217900,22484.86494140625,22361.9559375,226.16448102678572,18.062485988408742,Ranging
2024-05-29,22704.69921875,22704.69921875,22825.5,22685.44921875,22762.75,269900,22487.9298828125,22369.3359375,223.064453125,18.885218741010924,Ranging
2024-05-30,22488.650390625,22488.650390625,22705.75,22417.0,22617.44921875,373400,22482.119921875,22379.1549609375,216.87876674107142,19.90511628014186,Ranging
2024-05-31,22530.69921875,22530.69921875,22653.75,22465.099609375,22568.099609375,572100,22476.244921875,22386.8359375,217.42522321428572,20.174703432040122,Ranging
2024-06-03,23263.900390625,23263.900390625,23338.69921875,23062.30078125,23337.900390625,569400,22515.6474609375,22411.646953125,214.98228236607142,23.662811256237653,Ranging
2024-06-04,21884.5,21884.5,23179.5,21281.44921875,23179.5,1006100,22487.7375,22408.22296875,337.07156808035717,25.15303807826404,Volatile
2024-06-05,22620.349609375,22620.349609375,22670.400390625,21791.94921875,22128.349609375,638500,22503.62998046875,22424.2809765625,389.4037388392857,26.05513549990371,Trending
2024-06-06,22821.400390625,22821.400390625,22910.150390625,22642.599609375,22798.599609375,480400,22529.575,22443.9269921875,381.53599330357144,27.376118914723577,Trending
2024-06-07,23290.150390625,23290.150390625,23320.19921875,22789.05078125,22821.849609375,473600,22596.20751953125,22469.491015625,408.29659598214283,28.456193501683405,Trending
2024-06-10,23259.19921875,23259.19921875,23411.900390625,23227.150390625,23319.150390625,304400,22656.40751953125,22492.74,408.16810825892856,29.114794164784254,Trending
2024-06-11,23264.849609375,23264.849609375,23389.44921875,23206.650390625,23283.75,305200,22714.4474609375,22517.9430078125,410.77162388392856,29.845316687788234,Trending
2024-06-12,23322.94921875,23322.94921875,23441.94921875,23295.94921875,23344.44921875,295600,22769.70244140625,22541.928984375,391.4751674107143,28.950052233984234,Trending
2024-06-13,23398.900390625,23398.900390625,23481.05078125,23353.900390625,23480.94921875,268300,22829.619921875,22563.368984375,392.1001674107143,26.89287906299644,Trending
2024-06-14,23465.599609375,23465.599609375,23490.400390625,23334.25,23464.94921875,223100,22882.707421875,22583.4409765625,386.13936941964283,24.58455160470196,Volatile
2024-06-18,23557.900390625,23557.900390625,23579.05078125,23499.69921875,23570.80078125,272200,22937.2974609375,22605.53296875,381.8037109375,22.192870085106602,Volatile
2024-06-19,23516.0,23516.0,23664.0,23412.900390625,23629.849609375,328800,22986.644921875,22627.1599609375,389.7357700892857,21.60509889774078,Volatile
2024-06-20,23567.0,23567.0,23624.0,23442.599609375,23586.150390625,280300,23035.1048828125,22648.206953125,382.0679408482143,23.49096881403227,Volatile
2024-06-21,23501.099609375,23501.099609375,23667.099609375,23398.19921875,23661.150390625,609900,23061.77734375,22667.9549609375,387.80008370535717,24.236930254663616,Volatile
2024-06-24,23537.849609375,23537.849609375,23558.099609375,23350.0,23382.30078125,239400,23090.81484375,22685.3859375,382.92159598214283,22.454112518441615,Volatile
2024-06-25,23721.30078125,23721.30078125,23754.150390625,23562.05078125,23577.099609375,298100,23130.257421875,22706.956953125,261.0679408482143,25.34665170571022,Ranging
2024-06-26,23868.80078125,23868.80078125,23889.900390625,23670.44921875,23723.099609375,287800,23179.28994140625,22729.256953125,213.99651227678572,29.48827630025417,Trending
2024-06-27,24044.5,24044.5,24087.44921875,23805.400390625,23881.55078125,515200,23246.27998046875,22759.7589453125,215.03208705357142,33.123862927089824,Trending
2024-06-28,24010.599609375,24010.599609375,24174.0,23985.80078125,24085.900390625,354800,23322.37744140625,22794.5209375,190.53571428571428,36.35799910924474,Trending
2024-07-01,24141.94921875,24141.94921875,24164.0,23992.69921875,23992.94921875,0,23402.93994140625,22834.4019140625,189.57505580357142,39.45068698074454,Trending
2024-07-02,24123.849609375,24123.849609375,24236.349609375,24056.400390625,24228.75,0,23445.93740234375,22876.9619140625,189.37151227678572,43.362917775384524,Trending
2024-07-03,24286.5,24286.5,24309.150390625,24207.099609375,24291.75,0,23566.03740234375,22919.7519140625,186.23228236607142,47.875015513045696,Trending
2024-07-04,24302.150390625,24302.150390625,24401.0,24281.0,24369.94921875,251200,23650.12744140625,22959.0669140625,185.72154017857142,52.586119297035125,Trending
2024-07-05,24323.849609375,24323.849609375,24363.0,24168.849609375,24213.349609375,298400,23725.24990234375,22998.18390625,188.43582589285714,56.941652986658134,Trending
2024-07-08,24320.55078125,24320.55078125,24344.599609375,24240.55078125,24329.44921875,266300,23776.769921875,23036.5469140625,190.19991629464286,59.85799318260555,Trending
2024-07-09,24433.19921875,24433.19921875,24443.599609375,24331.900390625,24351.0,250500,23835.469921875,23073.80390625,180.24274553571428,63.17849835021894,Trending
2024-07-10,24324.44921875,24324.44921875,24461.05078125,24141.80078125,24459.849609375,292300,23888.44990234375,23111.89390625,190.08914620535714,62.96214978185276,Trending
2024-07-11,24315.94921875,24315.94921875,24402.650390625,24193.75,24396.55078125,306400,23938.09990234375,23145.3448828125,185.80343191964286,64.397693757958,Trending
2024-07-12,24502.150390625,24502.150390625,24592.19921875,24331.150390625,24387.94921875,325800,23993.26240234375,23183.2908984375,189.58551897321428,67.81467649282179,Trending
2024-07-15,24586.69921875,24586.69921875,24635.05078125,24522.75,24587.599609375,305400,24049.3173828125,23222.0608984375,183.88560267857142,68.2152232444952,Trending
2024-07-16,24613.0,24613.0,24661.25,24587.650390625,24615.900390625,283200,24102.07236328125,23264.80390625,173.46763392857142,67.98133603000922,Trending
2024-07-18,24800.849609375,24800.849609375,24837.75,24504.44921875,24543.80078125,350900,24166.31484375,23311.9669140625,177.12848772321428,67.72186048021219,Trending
2024-07-19,24530.900390625,24530.900390625,24854.80078125,24508.150390625,24853.80078125,343800,24214.50986328125,23356.534921875,188.44642857142858,67.39281936058836,Trending
2024-07-22,24509.25,24509.25,24595.19921875,24362.30078125,24445.75,324200,24264.9173828125,23400.669921875,192.84626116071428,65.80811606283616,Trending
2024-07-23,24479.05078125,24479.05078125,24582.55078125,24074.19921875,24568.900390625,436400,24311.97744140625,23451.1009375,216.30357142857142,62.49967691694709,Trending
2024-07-24,24413.5,24413.5,24504.25,24307.25,24444.94921875,366600,24346.58740234375,23498.266953125,223.08565848214286,58.34636345698074,Trending
2024-07-25,24406.099609375,24406.099609375,24426.150390625,24210.80078125,24230.94921875,391800,24373.45234375,23544.3079296875,229.89634486607142,53.46874815071794,Trending
2024-07-26,24834.849609375,24834.849609375,24861.150390625,24410.900390625,24423.349609375,383800,24412.96982421875,23596.6479296875,248.18917410714286,50.51025729735874,Trending
2024-07-29,24836.099609375,24836.099609375,24999.75,24774.599609375,24943.30078125,355000,24454.24482421875,23649.35890625,256.8392857142857,48.77675403590066,Trending
2024-07-30,24857.30078125,24857.30078125,24971.75,24798.650390625,24839.400390625,385000,24490.01240234375,23698.4279296875,261.2250279017857,45.40386215456109,Trending
2024-07-31,24951.150390625,24951.150390625,24984.599609375,24856.5,24886.69921875,333600,24531.37744140625,23748.1289453125,247.57142857142858,44.808057763406076,Trending
2024-08-01,25010.900390625,25010.900390625,25078.30078125,24956.400390625,25030.94921875,431300,24567.5974609375,23797.7659375,241.35714285714286,43.534059011941686,Trending
2024-08-02,24717.69921875,24717.69921875,24851.900390625,24686.849609375,24789.0,345000,24588.37490234375,23840.16390625,234.50013950892858,39.53835256779395,Trending
2024-08-05,24055.599609375,24055.599609375,24350.05078125,23893.69921875,24302.849609375,487000,24574.96240234375,23861.922890625,259.0751953125,34.95733282764798,Trending
2024-08-06,23992.55078125,23992.55078125,24382.599609375,23960.400390625,24189.849609375,312300,24558.56240234375,23882.6319140625,283.9751674107143,30.82656845300973,Trending
2024-08-07,24297.5,24297.5,24337.69921875,24184.900390625,24289.400390625,317600,24551.77744140625,23909.9329296875,271.08217075892856,27.74907480896428,Trending
2024-08-08,24117.0,24117.0,24340.5,24079.69921875,24248.55078125,311900,24541.40498046875,23934.509921875,264.95005580357144,25.325206538487663,Ranging
2024-08-09,24367.5,24367.5,24419.75,24311.19921875,24386.849609375,215100,24543.98251953125,23967.7659375,256.06808035714283,23.235623087164335,Ranging
2024-08-12,24347.0,24347.0,24472.80078125,24212.099609375,24320.05078125,279900,24536.225,24004.9329296875,238.37876674107142,22.20295584190676,Ranging
2024-08-13,24139.0,24139.0,24359.94921875,24116.5,24342.349609375,239700,24513.8400390625,24037.0989453125,241.69656808035714,21.849576515578722,Ranging
2024-08-14,24143.75,24143.75,24196.5,24099.69921875,24184.400390625,303300,24490.3775390625,24054.6959375,233.22879464285714,21.74415577919841,Ranging
2024-08-16,24541.150390625,24541.150390625,24563.900390625,24204.5,24334.849609375,271600,24477.392578125,24107.8289453125,226.73953683035714,20.759934046141463,Ranging
2024-08-19,24572.650390625,24572.650390625,24638.80078125,24522.94921875,24636.349609375,243600,24479.480078125,24146.8749609375,218.93247767857142,18.98738723393862,Ranging
2024-08-20,24698.849609375,24698.849609375,24734.30078125,24607.19921875,24648.900390625,238300,24488.96005859375,24184.4239453125,215.64690290178572,17.18292749975556,Ranging
2024-08-21,24770.19921875,24770.19921875,24787.94921875,24654.5,24680.55078125,257100,24503.51748046875,24214.024921875,216.02901785714286,14.389631490208108,Ranging
2024-08-22,24811.5,24811.5,24867.349609375,24784.44921875,24863.400390625,220300,24523.41748046875,24245.0709375,213.24330357142858,11.605069360442398,Ranging
2024-08-23,24823.150390625,24823.150390625,24858.400390625,24771.650390625,24845.400390625,206800,24544.27001953125,24276.236953125,207.650390625,11.703869021365032,Ranging
2024-08-26,25010.599609375,25010.599609375,25043.80078125,24874.69921875,24906.099609375,210300,24553.05751953125,24309.9899609375,187.13253348214286,14.801063293587083,Ranging
2024-08-27,25017.75,25017.75,25073.099609375,24973.650390625,25024.80078125,223300,24562.1400390625,24342.366953125,164.07896205357142,17.680858022967488,Ranging
2024-08-28,25052.349609375,25052.349609375,25129.599609375,24964.650390625,25030.80078125,220400,24571.89248046875,24374.101953125,164.94684709821428,19.83110918544386,Ranging
2024-08-29,25151.94921875,25151.94921875,25192.900390625,24998.5,25035.30078125,354000,24581.932421875,24405.9829296875,160.20396205357142,22.36759928208852,Ranging
2024-08-30,25235.900390625,25235.900390625,25268.349609375,25199.400390625,25249.69921875,638200,24593.182421875,24440.3809375,157.37527901785714,26.08629135701177,Trending
2024-09-02,25278.69921875,25278.69921875,25333.650390625,25235.5,25333.599609375,222800,24621.232421875,24474.614921875,145.76450892857142,30.872709020102718,Trending
2024-09-03,25279.849609375,25279.849609375,25321.69921875,25235.80078125,25313.400390625,212100,24682.444921875,24510.189921875,134.51088169642858,36.543098815276025,Trending
2024-09-04,25198.69921875,25198.69921875,25216.0,25083.80078125,25089.94921875,253800,24742.75234375,24543.4069140625,137.03934151785714,41.41071742016987,Trending
2024-09-05,25145.099609375,25145.099609375,25275.44921875,25127.75,25250.5,222200,24785.13232421875,24571.882890625,121.91782924107143,46.04402563286645,Trending
2024-09-06,24852.150390625,24852.150390625,25168.75,24801.30078125,25093.69921875,311700,24821.88984375,24591.5498828125,139.88909040178572,49.006575798191456,Trending
2024-09-09,24936.400390625,24936.400390625,24957.5,24753.150390625,24823.400390625,254400,24850.33486328125,24609.387890625,145.40680803571428,51.82955080788329,Trending
2024-09-10,25041.099609375,25041.099609375,25130.5,24896.80078125,24999.400390625,251300,24885.03984375,24629.997890625,152.56752232142858,54.53138371670332,Trending
2024-09-11,24918.44921875,24918.44921875,25113.69921875,24885.150390625,25034.0,279200,24924.0123046875,24645.527890625,162.97098214285714,56.54232778529699,Trending
2024-09-12,25388.900390625,25388.900390625,25433.349609375,24941.44921875,25059.650390625,380100,24986.26982421875,24670.82890625,191.91029575892858,58.32555669646284,Trending
2024-09-13,25356.5,25356.5,25430.5,25292.44921875,25430.44921875,250800,25027.0373046875,24692.22890625,189.6923828125,57.30319529454915,Trending
2024-09-16,25383.75,25383.75,25445.69921875,25336.19921875,25406.650390625,168700,25067.59228515625,24713.8608984375,190.41029575892858,56.025942913506086,Trending
2024-09-17,25418.55078125,25418.55078125,25441.650390625,25352.25,25416.900390625,216000,25103.57734375,24735.754921875,185.01395089285714,54.15378243489617,Trending
2024-09-18,25377.55078125,25377.55078125,25482.19921875,25285.55078125,25402.400390625,215700,25133.944921875,24756.894921875,185.17452566964286,50.55412866489142,Trending
2024-09-19,25415.80078125,25415.80078125,25611.94921875,25376.05078125,25487.05078125,314500,25164.1599609375,24776.546953125,197.09946986607142,46.70867158030352,Trending
2024-09-20,25790.94921875,25790.94921875,25849.25,25426.599609375,25525.94921875,533100,25212.54990234375,24805.876953125,220.27804129464286,41.87629901277342,Trending
2024-09-23,25939.05078125,25939.05078125,25956.0,25847.349609375,25872.55078125,209200,25258.9724609375,24838.338984375,221.90318080357142,36.97520870877321,Trending
2024-09-24,25940.400390625,25940.400390625,26011.55078125,25886.849609375,25921.44921875,384100,25305.10498046875,24867.103984375,221.36760602678572,34.85366451189708,Trending
2024-09-25,26004.150390625,26004.150390625,26032.80078125,25871.349609375,25899.44921875,278500,25352.69501953125,24895.4530078125,222.34988839285714,32.65344325724356,Trending
2024-09-26,26216.05078125,26216.05078125,26250.900390625,25998.400390625,26005.400390625,370900,25405.90009765625,24927.5140234375,214.13922991071428,34.567536145271006,Trending
2024-09-27,26178.94921875,26178.94921875,26277.349609375,26151.400390625,26248.25,490300,25453.0525390625,24955.076015625,208.53920200892858,37.80405718851864,Trending
2024-09-30,25810.849609375,25810.849609375,26134.69921875,25794.099609375,26061.30078125,343100,25479.66005859375,24980.675,216.17494419642858,38.42045831478083,Trending
2024-10-01,25796.900390625,25796.900390625,25907.599609375,25739.19921875,25788.44921875,247400,25505.51259765625,25006.4280078125,211.87862723214286,39.12313053843663,Trending
2024-10-03,25250.099609375,25250.099609375,25639.44921875,25230.30078125,25452.849609375,423400,25508.0826171875,25021.848984375,205.9677734375,37.224159930065426,Trending
2024-10-04,25014.599609375,25014.599609375,25485.05078125,24966.80078125,25181.900390625,374900,25501.5576171875,25033.8709765625,233.12486049107142,35.28067581136564,Trending
2024-10-07,24795.75,24795.75,25143.0,24694.349609375,25084.099609375,374300,25498.73759765625,25041.663984375,257.34988839285717,33.189074360701554,Trending
2024-10-08,25013.150390625,25013.150390625,25044.0,24756.80078125,24832.19921875,333200,25502.57509765625,25045.23,271.47837611607144,31.180655443107664,Trending
2024-10-09,24981.94921875,24981.94921875,25234.05078125,24947.69921875,25065.80078125,290600,25499.617578125,25048.1469921875,277.8857421875,31.05812282883053,Trending
2024-10-10,24998.44921875,24998.44921875,25134.05078125,24979.400390625,25067.05078125,261400,25503.617578125,25050.9699609375,272.08231026785717,30.77855248681963,Trending
2024-10-11,24964.25,24964.25,25028.650390625,24920.05078125,24985.30078125,210500,25482.38505859375,25051.231953125,249.65011160714286,30.376538007652698,Trending
2024-10-14,25127.94921875,25127.94921875,25159.75,25017.5,25023.44921875,206400,25470.95751953125,25053.5729296875,252.05008370535714,29.261527673445674,Trending
2024-10-15,25057.349609375,25057.349609375,25212.05078125,25008.150390625,25186.30078125,257200,25454.6375,25060.3659375,257.70717075892856,26.71113668688184,Trending
2024-10-16,24971.30078125,24971.30078125,25093.400390625,24908.44921875,25008.55078125,226800,25432.275,25078.6799609375,259.3857421875,25.045236432831917,Ranging
2024-10-17,24749.849609375,24749.849609375,25029.5,24728.900390625,25027.400390625,252800,25400.88994140625,25093.8259375,262.82142857142856,22.685353979422256,Ranging
2024-10-18,24854.05078125,24854.05078125,24886.19921875,24567.650390625,24664.94921875,290900,25372.80244140625,25104.956953125,276.5785435267857,20.323372454433727,Ranging
2024-10-21,24781.099609375,24781.099609375,24978.30078125,24679.599609375,24956.150390625,242000,25322.3099609375,25118.2389453125,273.58579799107144,19.289431142342476,Ranging
2024-10-22,24472.099609375,24472.099609375,24882.0,24445.80078125,24798.650390625,279500,25248.96240234375,25120.3309375,292.7142857142857,18.930941452894153,Ranging
2024-10-23,24435.5,24435.5,24604.25,24378.099609375,24378.150390625,284600,25173.7173828125,25122.1009375,279.6429966517857,20.073589163553702,Ranging
2024-10-24,24399.400390625,24399.400390625,24480.650390625,24341.19921875,24412.69921875,216700,25093.4798828125,25127.3089453125,252.5859375,21.629404825042712,Ranging
2024-10-25,24180.80078125,24180.80078125,24440.25,24073.900390625,24418.05078125,372600,24991.7173828125,25128.0499609375,246.70731026785714,23.57077487446921,Ranging
2024-10-28,24339.150390625,24339.150390625,24492.599609375,24134.900390625,24251.099609375,278600,24899.72744140625,25124.0099609375,251.74302455357142,25.721025752348588,Ranging
